identifier,y_sim,y_exp,smiles,fold
CHEMBL186890,-8.78781,1.0,[H]N(C1=NC(=C([H])C([H])=N1)C1=C2C([H])=C([H])C([H])=NN2N=C1[H])C1=C([H])C(Cl)=C(Cl)C([H])=C1[H],3
CHEMBL184510,-8.63941,1.0,[H]N(C1=NC(=C([H])C([H])=N1)C1=C2C([H])=C([H])C([H])=NN2N=C1[H])C1=C([H])C(F)=C([H])C(F)=C1[H],0
CHEMBL359794,-8.58024,1.0,[H]N(C1=NC(=C([H])C([H])=N1)C1=C2C([H])=C([H])C([H])=NN2N=C1[H])C1=C([H])C([H])=C(C#N)C([H])=C1[H],3
CHEMBL1984548,-7.97027,1.259,[H]N([H])C(=O)C1=C(N([H])C2=C(Cl)C([H])=NC(=N2)N([H])C2=C([H])N(N=C2[H])C([H])([H])[H])C([H])=C([H])C([H])=C1[H],2
CHEMBL1994669,-8.37453,1.585,[H]N([H])C(=O)C1=C(N([H])C2=C(Br)C([H])=NC(=N2)N([H])C2=C([H])N(N=C2[H])C([H])([H])[H])C([H])=C([H])C([H])=C1[H],4
CHEMBL298445,-8.18937,2.0,[H]N([H])C1=NC(=C(S1)C1=NC(=NC([H])=C1[H])N([H])C1=C([H])C(=C([H])C([H])=C1[H])[N+]([O-])=O)C([H])([H])[H],4
CHEMBL187081,-8.46922,2.0,[H]N(C1=NC(=C([H])C([H])=N1)C1=C2C([H])=C([H])C([H])=NN2N=C1[H])C1=C([H])C([H])=C([H])C(OC([H])([H])[H])=C1[H],0
CHEMBL364370,-9.07295,2.0,[H]N(C1=NC(=C([H])C([H])=N1)C1=C2C([H])=C([H])C([H])=NN2N=C1[H])C1=C([H])C(F)=C(F)C([H])=C1[H],1
CHEMBL213713,-9.77107,2.0,[H]N([H])C1=C(C([H])=NC(=N1)N([H])C1([H])C([H])([H])C([H])([H])N(C([H])([H])C1([H])[H])S(=O)(=O)C([H])([H])[H])C(=O)C1=C(OC([H])([H])[H])C([H])=C(F)C(F)=C1F,3
CHEMBL186101,-9.32993,3.0,[H]N(C1=NC(=C([H])C([H])=N1)C1=C2C([H])=C([H])C([H])=NN2N=C1[H])C1=C([H])C(=C([H])C(=C1[H])C([H])([H])[H])C([H])([H])[H],2
CHEMBL384304,-9.16218,3.0,[H]N([H])C1=C(C([H])=NC(=N1)N([H])C1([H])C([H])([H])C([H])([H])N(C([H])([H])C1([H])[H])S(=O)(=O)C([H])([H])[H])C(=O)C1=C(OC([H])([H])[H])C([H])=C([H])C(F)=C1F,1
CHEMBL1977223,-9.20007,3.162,[H]N(C(=O)C([H])([H])C([H])([H])C([H])([H])[H])C1=NN([H])C2=C([H])C([H])=C(C([H])=C12)C1=C([H])N(N=N1)C([H])([H])C1=C([H])C([H])=C([H])C([H])=C1[H],1
CHEMBL2064555,-10.52028,3.4,[H]N(C(=O)C1=C([H])C2=C(N([H])N=C2C2=NC3=C([H])C([H])=C([H])C([H])=C3N2[H])C([H])=C1[H])[C@@]([H])(C1=C([H])C([H])=C([H])C([H])=C1[H])C([H])([H])N(C([H])([H])[H])C([H])([H])[H],0
CHEMBL1983315,-10.07837,3.981,[H]N1N=C(C2=C([H])C(=C([H])C([H])=C12)C1=C(N(N=N1)C([H])([H])C1=C([H])C([H])=C([H])C([H])=C1[H])C1=C(C([H])=C([H])C([H])=C1[H])C([H])([H])[H])C([H])([H])[H],3
CHEMBL213207,-10.06517,3.981,[H]N(C1=NC(=C([H])C([H])=N1)C1=C([H])N([H])C2=NC([H])=C([H])C([H])=C12)C([H])([H])C1([H])C([H])([H])C([H])([H])C([H])([H])C([H])([H])C1([H])[H],2
CHEMBL359554,-8.11888,5.0,[H]N(C1=NC(=C([H])C([H])=N1)C1=C2C([H])=C([H])C([H])=NN2N=C1[H])C1=C([H])C([H])=C([H])C([H])=C1[H],4
CHEMBL1999153,-10.47437,5.012,[H]N(C1=NC(=C([H])C([H])=N1)C1=C([H])N([H])C2=NC([H])=C([H])C([H])=C12)C([H])([H])C1=C(C([H])=C([H])C([H])=C1[H])C(F)(F)F,1
CHEMBL1964288,-10.51423,5.012,[H]N1N=C(C2=C([H])N(N=N2)C([H])([H])C2=C([H])C([H])=C([H])C([H])=C2[H])C2=C([H])C(=C([H])C([H])=C12)C1=C([H])N(N=N1)C([H])([H])C1=C([H])C([H])=C([H])C([H])=C1[H],2
CHEMBL186708,-9.72071,6.0,[H]N(C1=NC(=C([H])C([H])=N1)C1=C2C([H])=C([H])C([H])=NN2N=C1[H])C1=C([H])C2=C(OC([H])([H])C([H])([H])C([H])([H])O2)C([H])=C1[H],3
CHEMBL215086,-9.40439,6.0,[H]N([H])C1=C(C([H])=NC(=N1)N([H])C1([H])C([H])([H])C([H])([H])N(C([H])([H])C1([H])[H])S(=O)(=O)C([H])([H])[H])C(=O)C1=C(OC([H])([H])[H])C([H])=C(F)C(F)=C1[H],1
CHEMBL434337,-9.77128,6.0,[H]N(C1=NC([H])=C([H])C(=N1)C1=C2C([H])=C([H])C(=NN2N=C1[H])C([H])([H])[H])C1=C([H])C2=C(OC([H])([H])C([H])([H])O2)C([H])=C1[H],4
CHEMBL361894,-9.37677,6.0,[H]N(C1=NC(=C([H])C([H])=N1)C1=C2C([H])=C([H])C([H])=NN2N=C1[H])C1=C([H])C2=C(OC([H])([H])C([H])([H])O2)C([H])=C1[H],1
CHEMBL268507,-9.87143,7.0,[H]N([H])C1=C(C([H])=NC(=N1)N([H])C1([H])C([H])([H])C([H])([H])N(C([H])([H])C1([H])[H])S(=O)(=O)C([H])([H])[H])C(=O)C1=C(OC([H])([H])[H])C([H])=C([H])C(F)=C1[H],0
CHEMBL1986855,-10.30723,7.943,[H]N(C1=NC(F)=C([H])C(=C1[H])C1=C([H])N([H])C2=NC([H])=C([H])C([H])=C12)C([H])([H])C1=C([H])C([H])=C(OC([H])([H])[H])C([H])=C1[H],0
CHEMBL1987034,-8.64327,7.943,[H]N([H])S(=O)(=O)C1=C([H])C(N([H])C2=NC(N([H])C3=C([H])C([H])=C(OC([H])([H])C#N)C([H])=C3[H])=C(Br)C([H])=N2)=C([H])C([H])=C1[H],1
CHEMBL187750,-9.92269,8.0,[H]OC1=NN2N=C([H])C(=C2C([H])=C1[H])C1=NC(=NC([H])=C1[H])N([H])C1=C([H])C(=C([H])C([H])=C1[H])C(F)(F)F,1
CHEMBL365229,-9.93432,10.0,[H]N(C1=NC(=C([H])C([H])=N1)C1=C2C([H])=C([H])C([H])=NN2N=C1[H])C1=C([H])C(Br)=C([H])C(=C1[H])C(F)(F)F,4
CHEMBL360206,-9.63919,10.0,[H]N(C1=NC(=C([H])C([H])=N1)C1=C2C([H])=C([H])C([H])=NN2N=C1[H])C1=C([H])C(OC([H])([H])[H])=C([H])C(=C1[H])C(F)(F)F,4
CHEMBL359999,-8.33352,10.0,[H]N(C1=NC(=C([H])C([H])=N1)C1=C2C([H])=C([H])C([H])=NN2N=C1[H])C1=C([H])C(OC([H])([H])[H])=C([H])C(OC([H])([H])[H])=C1[H],1
CHEMBL1998159,-10.48085,10.0,[H]N([H])[C@@]([H])(C([H])([H])OC1=C([H])N=C([H])C(=C1[H])C1=NC([H])=C2N([H])N=C(C2=C1[H])C([H])([H])[H])C([H])([H])C1=C([H])C(=C([H])C([H])=C1[H])C(F)(F)F,4
CHEMBL188665,-9.90357,10.0,[H]N(C1=NC(=C([H])C([H])=N1)C1=C2C([H])=C([H])C([H])=NN2N=C1[H])C1=C([H])C(=C(Cl)C([H])=C1[H])C(F)(F)F,0
CHEMBL189455,-8.98853,10.0,[H]N(C1=NC(=C([H])C([H])=N1)C1=C2C([H])=C([H])C([H])=NN2N=C1[H])C1=C([H])C2=C(OC([H])([H])O2)C([H])=C1[H],3
CHEMBL359963,-9.89399,10.0,[H]N(C1=NC(=C([H])C([H])=N1)C1=C2C([H])=C([H])C([H])=NN2N=C1[H])C1=C([H])C([H])=C(C([H])=C1[H])C([H])(C([H])([H])[H])C([H])([H])[H],0
CHEMBL1992220,-9.75666,10.0,[H]N(C(=O)N([H])[C@@]1([H])C([H])([H])C([H])([H])[C@]([H])(N([H])C2=NC(=C([H])C(Cl)=N2)C2=C([H])N([H])C3=NC([H])=C([H])C([H])=C23)C([H])([H])C1([H])[H])C([H])([H])C([H])([H])[H],1
CHEMBL1995813,-8.93718,12.59,[H]N([H])[C@@]1([H])C([H])([H])C([H])([H])C([H])([H])C([H])([H])[C@]1([H])N([H])C1=NC(=C([H])C([H])=N1)C1=C([H])N([H])C2=NC([H])=C([H])C([H])=C12,4
CHEMBL1990162,-10.3423,12.59,[H]N(C(=O)C1=C([H])C([H])=C(C#N)C([H])=C1[H])C1=NN([H])C2=C([H])C([H])=C(C([H])=C12)C1=C([H])N(N=N1)C([H])([H])C1=C([H])C([H])=C([H])C([H])=C1[H],3
CHEMBL1986943,-9.21727,12.59,[H]O[C@@]1([H])C([H])([H])C([H])([H])[C@]([H])(N([H])C2=NC(=C([H])C(Cl)=N2)C2=C([H])N([H])C3=NC([H])=C([H])C([H])=C23)C([H])([H])C1([H])[H],1
CHEMBL1966204,-10.44535,12.59,[H]N(C(=O)C1=C([H])C([H])=C(F)C([H])=C1[H])C1=NN([H])C2=C([H])C([H])=C(C([H])=C12)C1=C([H])N(N=N1)C([H])([H])C1=C([H])C([H])=C([H])C([H])=C1[H],0
CHEMBL1991078,-10.63776,12.59,[H]N(C(=O)C1=C([H])C(OC([H])([H])[H])=C(OC([H])([H])[H])C([H])=C1[H])C1=NN([H])C2=C([H])C([H])=C(C([H])=C12)C1=C([H])N(N=N1)C([H])([H])C1=C([H])C([H])=C([H])C([H])=C1[H],1
CHEMBL592030,-10.15751,12.59,[H]N([H])C1=NC([H])=C2N(C([H])=C(C2=N1)C1=C([H])C2=C(N([H])N=C2[H])C(=C1[H])C1=C([H])C2=C([H])C([H])=C([H])C([H])=C2S1)C([H])([H])C([H])([H])C([H])([H])N([H])[H],0
CHEMBL385733,-9.33158,13.0,[H]N([H])C1=C(C([H])=NC(=N1)N([H])C1([H])C([H])([H])C([H])([H])N(C([H])([H])C1([H])[H])S(=O)(=O)C([H])([H])[H])C(=O)C1=C(OC([H])([H])[H])C([H])=C([H])C([H])=C1F,1
CHEMBL265903,-10.06321,15.0,[H]N([H])C1=C(C([H])=NC(=N1)N([H])C1([H])C([H])([H])C([H])([H])N(C([H])([H])C1([H])[H])S(=O)(=O)C([H])([H])[H])C(=O)C1=C(F)C([H])=C([H])C([H])=C1F,3
CHEMBL2005509,-9.77906,15.85,[H]N(C(=O)N([H])[C@@]1([H])C([H])([H])C([H])([H])[C@]([H])(N([H])C2=NC(=C([H])C(Cl)=N2)C2=C([H])N([H])C3=NC([H])=C([H])C([H])=C23)C([H])([H])C1([H])[H])C([H])([H])[H],2
CHEMBL302449,-4.20984,15.85,[H]N1C(=O)C2=C3C4=C([H])C([H])=C([H])C([H])=C4N(C3=C3N(C4=C([H])C([H])=C([H])C([H])=C4C3=C2C1([H])[H])C([H])([H])C([H])([H])C#N)C([H])([H])[H],2
CHEMBL1985406,-8.71821,15.85,[H]N(C(=O)C([H])([H])C([H])([H])C([H])([H])[H])C1=NN([H])C2=C([H])C([H])=C(C([H])=C12)C1=C(F)C(F)=C([H])C([H])=C1[H],1
CHEMBL2002346,-9.82542,15.85,[H]N(C1=NC([H])=NC(=C1[H])C1=C([H])N([H])C2=NC([H])=C([H])C([H])=C12)C([H])([H])C1=C([H])C([H])=C([H])C([H])=C1[H],1
CHEMBL1983111,-10.35803,15.85,[H]N(C(=O)C([H])([H])[H])C([H])([H])C(=O)N1[C@@]2([H])C3=C(C([H])=C(N([H])C4=NC(N([H])C5([H])C([H])([H])C([H])([H])C5([H])[H])=C(C([H])=N4)C(F)(F)F)C([H])=C3[H])[C@]1([H])C([H])([H])C2([H])[H],2
CHEMBL1241473,-8.21079,15.85,[H]N([H])C(=O)C1=C(N([H])C2=C(C([H])=NC(=N2)N([H])C2=C([H])C(OC([H])([H])[H])=C(OC([H])([H])[H])C(OC([H])([H])[H])=C2[H])[N+]([O-])=O)C([H])=C([H])C([H])=C1[H],3
CHEMBL565459,-10.73009,16.0,[H]OC([H])([H])[C@@]([H])(N([H])C(=O)C1=C([H])C(=C([H])N1[H])C1=C(C([H])=NC(=N1)N([H])C1=C([H])C([H])=C([H])C([H])=C1[H])C([H])([H])[H])C1=C([H])C([H])=C([H])C([H])=C1[H],0
CHEMBL1987073,-10.33243,19.95,[H]N(C(=O)C1=C([H])C([H])=C(Cl)C([H])=C1[H])C1=NN([H])C2=C([H])C([H])=C(C([H])=C12)C1=C([H])N(N=N1)C([H])([H])C1=C([H])C([H])=C([H])C([H])=C1[H],1
CHEMBL1996980,-9.25506,19.95,[H]N(C(=O)C([H])([H])N([H])C([H])([H])[H])[C@@]1([H])C([H])([H])C([H])([H])[C@]([H])(N([H])C2=NC(=C([H])C(Cl)=N2)C2=C([H])N([H])C3=NC([H])=C([H])C([H])=C23)C([H])([H])C1([H])[H],3
CHEMBL1986263,-8.22186,19.95,[H]N(C1=NC([H])=C([H])C(=N1)C1=C(N(C(=O)S1)C([H])([H])C([H])([H])[H])C([H])([H])[H])C1=C([H])C(OC([H])([H])[H])=C([H])C([H])=C1[H],4
CHEMBL1969588,-10.64708,19.95,[H]N(C1=C([H])C(=C([H])C(Cl)=N1)C1=C([H])N([H])C2=NC([H])=C([H])C([H])=C12)C([H])([H])C1=C([H])C([H])=C([H])C([H])=C1[H],2
CHEMBL295484,-8.29747,20.0,[H]N(C1=NC(=C([H])C([H])=N1)C1=C(N=C(S1)C([H])([H])[H])C([H])([H])[H])C1=C([H])C(=C(C([H])=C1[H])N(C([H])([H])[H])C([H])([H])[H])[N+]([O-])=O,2
CHEMBL188938,-8.67905,20.0,[H]N(C1=NC(=C([H])C([H])=N1)C1=C2C([H])=C([H])C([H])=NN2N=C1[H])C1=C([H])C([H])=C(C([H])=C1[H])[N+]([O-])=O,3
CHEMBL186288,-8.98811,20.0,[H]N(C1=NC([H])=C([H])C(=N1)C1=C2C([H])=C([H])C(OC([H])([H])[H])=NN2N=C1[H])C1=C([H])C([H])=C(C([H])=C1[H])[N+]([O-])=O,2
CHEMBL186680,-9.96674,20.0,[H]N(C1=NC(=C([H])C([H])=N1)C1=C2C([H])=C([H])C(=NN2N=C1[H])C([H])([H])[H])C1=C([H])C(OC([H])([H])[H])=C([H])C(=C1[H])C(F)(F)F,1
CHEMBL216126,-9.65215,24.0,[H]N([H])C1=C(C([H])=NC(=N1)N([H])C1([H])C([H])([H])C([H])([H])N(C([H])([H])C1([H])[H])S(=O)(=O)C([H])([H])[H])C(=O)C1=C(OC([H])([H])[H])C([H])=C([H])C([H])=C1[H],2
CHEMBL1988163,-9.46976,25.12,[H]N([H])S(=O)(=O)C1=C([H])C(N([H])C2=NC3=C(C([H])=C([H])N3C3=C([H])C([H])=C([H])C([H])=C3[H])C([H])=N2)=C([H])C([H])=C1[H],0
CHEMBL1979970,-8.22804,25.12,[H]N(C(=O)C([H])([H])C([H])([H])C([H])([H])[H])C1=NN([H])C2=NN=C(C([H])=C12)C1=C(F)C(F)=C([H])C([H])=C1[H],2
CHEMBL1969151,-9.33337,25.12,[H]N(C1=NC(=C([H])C(Cl)=N1)C1=C([H])N([H])C2=NC([H])=C([H])C([H])=C12)[C@@]1([H])C([H])([H])C([H])([H])[C@]([H])(N(C([H])([H])[H])C([H])([H])[H])C([H])([H])C1([H])[H],0
CHEMBL1991063,-10.25588,25.12,[H]N([H])[C@@]([H])(C([H])([H])OC1=C([H])N=C([H])C(=C1[H])C1=C([H])C([H])=C2N([H])N=C(C2=C1[H])C([H])([H])[H])C([H])([H])C1=C([H])C(Cl)=C(Cl)C([H])=C1[H],1
CHEMBL1975128,-9.03908,25.12,[H]N([H])C1=NN([H])C2=C([H])C([H])=C(C([H])=C12)C1=C(I)N(N=N1)C([H])([H])C1=C([H])C([H])=C([H])C([H])=C1[H],2
CHEMBL1995811,-11.15856,25.12,[H]N(C(=O)C1=C(F)C([H])=C([H])C(F)=C1[H])C1=NN([H])C2=C([H])C([H])=C(C([H])=C12)C1=C([H])N(N=N1)C([H])([H])C1=C([H])C([H])=C([H])C([H])=C1[H],3
CHEMBL1965631,-9.26108,25.12,[H]N(C(=O)C([H])([H])N(C([H])([H])[H])C([H])([H])[H])C1=NN([H])C2=C([H])C([H])=C(C([H])=C12)C1=C([H])N(N=N1)C([H])([H])C1=C([H])C([H])=C([H])C([H])=C1[H],1
CHEMBL1974870,-10.41149,25.12,[H]N([H])[C@@]([H])(C([H])([H])OC1=C([H])N=C([H])C(=C1[H])C1=C([H])C([H])=C2N([H])N=C(C2=C1[H])C([H])([H])[H])C([H])([H])C1=C([H])C(Cl)=C([H])C([H])=C1[H],3
CHEMBL360530,-8.15469,30.0,[H]OC1=C([H])C([H])=C([H])C(N([H])C2=NC([H])=C([H])C(=N2)C2=C(N([H])C(C#N)=C2C([H])([H])[H])C([H])([H])[H])=C1[H],2
CHEMBL431336,-8.02083,30.0,[H]OC1=C([H])C([H])=C(N([H])C2=NC([H])=C([H])C(=N2)C2=C(N=C(S2)N([H])[H])C([H])([H])[H])C([H])=C1[H],3
CHEMBL364767,-8.59299,30.0,[H]N(C1=NC([H])=C([H])C(=N1)C1=C(N([H])C(=C1C([H])([H])[H])[N+]([O-])=O)C([H])([H])[H])C1=C([H])C([H])=C(F)C([H])=C1[H],4
CHEMBL1973720,-9.22624,31.62,[H]N([H])[C@@]1([H])C([H])([H])C([H])([H])[C@]([H])(N([H])C2=NC(=C([H])C(Cl)=N2)C2=C([H])N([H])C3=NC([H])=C([H])C([H])=C23)C([H])([H])C1([H])[H],4
CHEMBL1977128,-10.36129,31.62,[H]N(C(=O)C1=C([H])C(C#N)=C([H])C([H])=C1[H])C1=NN([H])C2=C([H])C([H])=C(C([H])=C12)C1=C([H])N(N=N1)C([H])([H])C1=C([H])C([H])=C([H])C([H])=C1[H],1
CHEMBL50894,-8.3896,31.62,[H]N1C2=C(C([H])=C(C([H])=C2[H])[N+]([O-])=O)C2=C1C1=C(N([H])C(=O)C2([H])[H])C([H])=C([H])C([H])=C1[H],0
CHEMBL1969920,-8.79082,31.62,[H]N1C([H])=C(C2=C([H])C([H])=C([H])N=C12)C1=C([H])C(=NC(Cl)=C1[H])N(C([H])([H])[H])C([H])([H])C1=C([H])C([H])=C([H])C([H])=C1[H],1
CHEMBL1975418,-8.70194,31.62,[H]N1N=C([H])C2=C1C([H])=C([H])C(=C2[H])C1=C(N(N=N1)C([H])([H])C1=C([H])C([H])=C([H])C([H])=C1[H])C1([H])C([H])([H])C1([H])[H],0
CHEMBL1084715,-8.86262,32.0,[H]N(C(=O)C([H])([H])[H])C([H])([H])C1=C([H])C([H])=C(N([H])C2=NC([H])=C([H])C(=N2)C2=C(N=C(S2)N([H])C([H])([H])C([H])([H])[H])C([H])([H])[H])C([H])=C1[H],3
CHEMBL296468,-8.23564,38.0,[H]N(C(=O)C1([H])C([H])([H])C([H])([H])N([H])C([H])([H])C1([H])[H])C1=NC([H])=C(SC([H])([H])C2=NC([H])=C(O2)C(C([H])([H])[H])(C([H])([H])[H])C([H])([H])[H])S1,2
CHEMBL1965836,-10.22254,39.81,[H]N([H])[C@]([H])(C([H])([H])OC1=C([H])N=C([H])C(=C1[H])C1=C([H])C([H])=C2N([H])N=C(C2=C1[H])C([H])([H])[H])C([H])([H])C1=C([H])C(OC(F)(F)F)=C([H])C([H])=C1[H],4
CHEMBL1995932,-10.61585,39.81,[H]N(C1=NC([H])=NC(=C1[H])C1=C([H])N([H])C2=NC([H])=C([H])C([H])=C12)C([H])([H])C1=C([H])C([H])=C([H])C(=C1[H])C([H])([H])[H],4
CHEMBL1968930,-8.89463,39.81,[H]N([H])C([H])([H])C(C([H])([H])[H])(C([H])([H])[H])C([H])([H])N([H])C1=NC(=C([H])C(Cl)=N1)C1=C([H])N([H])C2=NC([H])=C([H])C([H])=C12,4
CHEMBL422897,-9.16842,39.81,[H]OC1=C([H])C(O[H])=C2C(=O)C([H])=C(OC2=C1[C@@]1([H])C([H])([H])C([H])([H])N(C([H])([H])[H])C([H])([H])[C@]1([H])O[H])C1=C(Cl)C([H])=C([H])C([H])=C1[H],3
CHEMBL1982271,-8.62276,39.81,[H]N(C(=O)C([H])([H])N(C([H])([H])[H])C([H])([H])[H])[C@@]1([H])C([H])([H])C([H])([H])[C@]([H])(N([H])C2=NC(=C([H])C(Cl)=N2)C2=C([H])N([H])C3=NC([H])=C([H])C([H])=C23)C([H])([H])C1([H])[H],1
CHEMBL1987448,-7.46542,39.81,[H]N([H])C1=NC(Cl)=C([H])C(=C1[H])C1=C([H])N([H])C2=NC([H])=C([H])C([H])=C12,0
CHEMBL1980435,-10.60584,39.81,[H]N(C(=O)C1=C([H])C([H])=C([H])C(OC([H])([H])[H])=C1[H])C1=NN([H])C2=C([H])C([H])=C(C([H])=C12)C1=C([H])N(N=N1)C([H])([H])C1=C([H])C([H])=C([H])C([H])=C1[H],4
CHEMBL428690,-8.97665,40.0,[H]OC1=C([H])C(O[H])=C2C(=O)C([H])=C(OC2=C1[C@@]1([H])C([H])([H])C([H])([H])N(C([H])([H])[H])C([H])([H])[C@@]1([H])O[H])C1=C(Cl)C([H])=C([H])C([H])=C1[H],3
CHEMBL297412,-7.77464,40.0,[H]N(C1=NC([H])=C([H])C(=N1)C1=C(N=C(S1)C([H])([H])[H])C([H])([H])[H])C1=C([H])C([H])=C(F)C([H])=C1[H],1
CHEMBL572157,-10.92367,41.0,[H]OC([H])([H])[C@@]([H])(N([H])C(=O)C1=C([H])C(=C([H])N1[H])C1=C(C([H])=NC(=N1)N([H])C1=C([H])C([H])=C([H])C(=C1C([H])([H])[H])C([H])([H])[H])C([H])([H])[H])C1=C([H])C(Cl)=C([H])C([H])=C1[H],1
CHEMBL379218,-10.1435,46.0,[H]N([H])[C@]([H])(C([H])([H])OC1=C([H])N=C([H])C(=C1[H])C1=C([H])C([H])=C2N([H])N=C(C2=C1[H])C([H])([H])[H])C([H])([H])C1=C([H])C([H])=C([H])C([H])=C1[H],4
CHEMBL184253,-8.12543,50.0,[H]OC1=C([H])C([H])=C(N([H])C2=NC([H])=C([H])C(=N2)C2=C(N([H])C(C#N)=C2C([H])([H])[H])C([H])([H])[H])C([H])=C1[H],4
CHEMBL186054,-8.44366,50.0,[H]N(C1=NC(=C([H])C([H])=N1)C1=C2C([H])=C([H])C([H])=NN2N=C1[H])C1=C([H])C(OC([H])([H])[H])=C(OC([H])([H])[H])C([H])=C1[H],1
CHEMBL183158,-8.65212,50.0,[H]N(C1=NC([H])=C([H])C(=N1)C1=C(N([H])C(C#N)=C1C([H])([H])[H])C([H])([H])[H])C1=C([H])C(=C(C([H])=C1[H])C([H])([H])[H])[N+]([O-])=O,0
CHEMBL364408,-8.2898,50.0,[H]N(C1=NC([H])=C([H])C(=N1)C1=C(N([H])C([H])=C1C([H])([H])[H])C([H])([H])[H])C1=C([H])C(=C([H])C([H])=C1[H])[N+]([O-])=O,2
CHEMBL187006,-9.99446,50.0,[H]N(C1=NC([H])=C([H])C(=N1)C1=C2C([H])=C([H])C(=NN2N=C1[H])C([H])([H])[H])C1=C([H])C(=C([H])C([H])=C1[H])C(F)(F)F,4
CHEMBL1972158,-10.05168,50.12,[H]N([H])C1=NN([H])C2=C([H])C([H])=C(C([H])=C12)C1=C(N(N=N1)C([H])([H])C1=C([H])C([H])=C([H])C([H])=C1[H])C1=C([H])C([H])=C([H])C([H])=C1[H],0
CHEMBL1970903,-10.62135,50.12,[H]N([H])[C@@]([H])(C([H])([H])OC1=C([H])N=C([H])C(=C1[H])C1=C([H])C([H])=C2N([H])N=C(C2=C1[H])C([H])([H])[H])C([H])([H])C1=C([H])N([H])C2=C([H])C([H])=C([H])C([H])=C12,3
CHEMBL1966816,-8.79834,50.12,[H]N(C(=O)N([H])C1=C([H])C([H])=NC2=C(F)C([H])=C([H])C([H])=C12)C1=NC(=C([H])C([H])=C1[H])C(F)(F)F,3
CHEMBL2002649,-7.08552,50.12,[H]N1C([H])=NC(\C([H])=C2\C(=O)N([H])C3=C2C([H])=C(OC([H])([H])[H])C([H])=C3[H])=C1[H],4
CHEMBL1992363,-10.32841,50.12,[H]N(C(=O)C1=C([H])C([H])=C(C([H])=C1[H])N(C([H])([H])[H])C([H])([H])[H])C1=NN([H])C2=C([H])C([H])=C(C([H])=C12)C1=C([H])N(N=N1)C([H])([H])C1=C([H])C([H])=C([H])C([H])=C1[H],1
CHEMBL1997534,-10.46369,50.12,[H]N(C(=O)C1=C([H])C(=C(S1)C1=C([H])C2=C(N([H])N=C2C([H])([H])[H])C([H])=C1[H])C([H])([H])[H])[C@@]([H])(C1=C([H])C([H])=C([H])C(OC([H])([H])[H])=C1[H])C([H])([H])[H],3
CHEMBL244378,-9.53416,50.12,[H]OC(=O)C1=C(N([H])C2=NC(=NC([H])=C2[H])N([H])C2=C([H])C3=C(C([H])=NN3[H])C([H])=C2[H])C([H])=C([H])C([H])=C1[H],0
CHEMBL385190,-9.61568,51.0,[H]N([H])C1=C(C([H])=NC(=N1)N([H])C1([H])C([H])([H])C([H])([H])N(C([H])([H])C1([H])[H])S(=O)(=O)C([H])([H])C([H])([H])[H])C(=O)C1=C(OC([H])([H])[H])C([H])=C([H])C([H])=C1[H],2
CHEMBL572162,-10.88529,57.0,[H]OC([H])([H])[C@@]([H])(N([H])C(=O)C1=C([H])C(=C([H])N1[H])C1=C(C([H])=NC(=N1)N([H])C1=C(F)C([H])=C([H])C([H])=C1[H])C([H])([H])[H])C1=C([H])C([H])=C([H])C([H])=C1[H],3
CHEMBL47527,-8.22602,60.0,[H]OC1=C([H])C([H])=C([H])C(N([H])C2=NC([H])=C([H])C(=N2)C2=C(N=C(S2)C([H])([H])[H])C([H])([H])[H])=C1[H],3
CHEMBL46401,-8.24547,60.0,[H]N(C1=NC([H])=C([H])C(=N1)C1=C(N=C(S1)N(C([H])([H])[H])C([H])([H])[H])C([H])([H])[H])C1=C([H])C(=C([H])C([H])=C1[H])[N+]([O-])=O,2
CHEMBL188312,-8.71944,60.0,[H]N(C1=NC(=C([H])C([H])=N1)C1=C2C([H])=C([H])C(OC([H])([H])[H])=NN2N=C1[H])C1=C([H])C([H])=C([H])C(OC([H])([H])[H])=C1[H],2
CHEMBL1076721,-7.99061,62.0,[H]N(\N=C1/C(=O)N([H])N=C1C1=C([H])C([H])=C(OC([H])([H])[H])C([H])=C1[H])C1=C([H])N=C([H])C([H])=C1[H],3
CHEMBL1972221,-8.78417,63.1,[H]N(C(=O)C([H])([H])C([H])([H])[H])C1=NN([H])C2=C1C([H])=C(C([H])=C2[H])C1=C([H])C([H])=C(N([H])S(=O)(=O)C([H])([H])C([H])([H])C([H])([H])[H])C([H])=C1[H],1
CHEMBL1980253,-8.25798,63.1,[H]N(C1=NC(=C([H])C(Cl)=N1)C1=C([H])N([H])C2=NC([H])=C([H])C([H])=C12)C1([H])C([H])([H])C([H])([H])OC([H])([H])C1([H])[H],4
CHEMBL1965660,-8.08304,63.1,[H]N([H])C(=O)C1=C(N([H])C(=C1[H])C1=NC(=NC([H])=C1[H])N([H])[H])C1=C(Cl)C([H])=C(Cl)C([H])=C1[H],1
CHEMBL1995740,-10.01877,63.1,[H]OC1=C(OC([H])([H])[H])C([H])=C(C([H])=C1[H])C1=C([H])C2=C(C([H])=C1[H])C(=O)N([H])C1=C(N2[H])C([H])=C([H])C(=C1[H])[N+]([O-])=O,0
CHEMBL1969473,-9.9047,63.1,[H]N1N=C([H])C2=C1C([H])=C([H])C(=C2[H])C1=C(N(N=N1)C([H])([H])C1=C([H])C([H])=C([H])C([H])=C1[H])C1=C([H])C([H])=C([H])C([H])=C1[H],1
CHEMBL1976455,-9.03047,63.1,[H]N(C(=O)N([H])C1=C2C([H])=C(C([H])=C([H])C2=NC([H])=C1[H])C(F)(F)F)C1=NC([H])=C([H])N=C1[H],1
CHEMBL565460,-10.60806,69.0,[H]OC([H])([H])[C@@]([H])(N([H])C(=O)C1=C([H])C(=C([H])N1[H])C1=C(C([H])=NC(=N1)N([H])C1=C([H])C([H])=C([H])C([H])=C1[H])C([H])([H])[H])C1=C([H])C([H])=C([H])C(=C1[H])C([H])([H])[H],1
CHEMBL47590,-7.85517,70.0,[H]OC1=C([H])C([H])=C(N([H])C2=NC([H])=C([H])C(=N2)C2=C(N=C(S2)N([H])C([H])([H])[H])C([H])([H])[H])C([H])=C1[H],0
CHEMBL1086736,-7.41,76.0,[H]N(\N=C1/C(=O)N([H])N=C1C1=C(OC([H])([H])[H])C([H])=C([H])N=C1[H])C1=C([H])C([H])=C([H])C([H])=C1[H],2
CHEMBL568483,-10.7939,76.0,[H]OC([H])([H])[C@@]([H])(N([H])C(=O)C1=C([H])C(=C([H])N1[H])C1=C(C([H])=NC(=N1)N([H])C1=C(C([H])=C(Cl)C([H])=C1[H])C([H])([H])[H])C([H])([H])[H])C1=C([H])C(Cl)=C([H])C([H])=C1[H],0
CHEMBL1725279,-8.15325,79.43,[H]OC1=C2C([H])=C([H])C([H])=C([H])C2=C2N=NC3=C([H])C([H])=C([H])C1=C23,4
CHEMBL1983595,-10.75528,79.43,[H]N(C(=O)C1=C([H])C([H])=C([H])C(Cl)=C1[H])C1=NN([H])C2=C([H])C([H])=C(C([H])=C12)C1=C([H])N(N=N1)C([H])([H])C1=C([H])C([H])=C([H])C([H])=C1[H],0
CHEMBL2002726,-10.7886,79.43,[H]N([H])[C@@]([H])(C([H])([H])OC1=C([H])N=C([H])C(=C1[H])C1=C([H])C([H])=C2N([H])N=C(C2=C1[H])C([H])([H])[H])C([H])([H])C1=C([H])C([H])=C([H])C([H])=C1[H],3
CHEMBL2004631,-9.15839,79.43,[H]N([H])C1=NN([H])C2=C([H])C([H])=C(C([H])=C12)C1=C(N(N=N1)C([H])([H])C1=C([H])C([H])=C([H])C([H])=C1[H])C1([H])C([H])([H])C1([H])[H],3
CHEMBL1964444,-8.74685,79.43,[H]N(C(=O)N([H])C1=C2C([H])=C(C([H])=C([H])C2=NC([H])=C1[H])C([H])([H])[H])C1=NC(=C([H])C([H])=C1[H])C(F)(F)F,3
CHEMBL1084546,-9.61321,79.43,[H]N(C1=NC(N([H])C([H])([H])C2=C(N=C([H])C([H])=C2[H])N(C([H])([H])[H])S(=O)(=O)C([H])([H])[H])=C(C([H])=N1)C(F)(F)F)C1=C([H])C2=C(N([H])C(=O)C2([H])[H])C([H])=C1[H],4
CHEMBL396523,-9.38854,79.43,[H]OC(=O)C1=C(N([H])C2=NC(=NC([H])=C2[H])N([H])C2=C([H])C3=C(N([H])N=C3[H])C([H])=C2[H])C([H])=C([H])C([H])=C1[H],1
CHEMBL295127,-7.56488,80.0,[H]N(C1=NC([H])=C([H])C(=N1)C1=C(N=C(S1)C([H])([H])[H])C([H])([H])[H])C1=C([H])C([H])=C([H])C([H])=C1[H],0
CHEMBL362722,-8.71009,80.0,[H]N([H])C(=O)C1=C(C(=C(N1[H])C([H])([H])[H])C1=NC(=NC([H])=C1[H])N([H])C1=C([H])C([H])=C(F)C([H])=C1[H])C([H])([H])[H],2
CHEMBL277351,-9.42637,84.0,[H]N([H])C1=C(C([H])=NC(=N1)N([H])C1([H])C([H])([H])C([H])([H])N(C([H])([H])C1([H])[H])S(=O)(=O)C([H])([H])[H])C(=O)C1=C(OC([H])([H])[H])C([H])=C(F)C([H])=C1[H],3
CHEMBL4076947,-9.16676,89.0,[H]N(C1=C([H])C(=NC([H])=N1)C([H])([H])[H])C1=C2N([H])C(=NC2=C([H])C([H])=N1)C1=C(Cl)C([H])=C(C#N)C([H])=C1Cl,3
CHEMBL185310,-8.61356,90.0,[H]N(C1=NC([H])=C([H])C(=N1)C1=C(N([H])C(C#N)=C1C([H])([H])[H])C([H])([H])[H])C1=C([H])C(=C(F)C([H])=C1[H])C([H])([H])[H],3
CHEMBL1080902,-8.62794,95.0,[H]N(\N=C1/C(=O)N([H])N=C1C1=C([H])C([H])=C(OC([H])([H])[H])C([H])=C1[H])C1=C([H])C(OC([H])([H])[H])=C([H])C([H])=C1[H],1
CHEMBL1982400,-9.98578,100.0,[H]N1N=C(C2=C1C([H])=C([H])C(=C2[H])C1=C([H])N(N=N1)C([H])([H])C1=C([H])C([H])=C([H])C([H])=C1[H])C1=C([H])C([H])=C([H])C([H])=C1[H],2
CHEMBL1993424,-9.30241,100.0,[H]N([H])S(=O)(=O)C1=C([H])C(N([H])C2=NC3=C(C([H])=C([H])N3C([H])([H])C3=C([H])C([H])=C([H])C([H])=C3[H])C([H])=N2)=C([H])C([H])=C1[H],3
CHEMBL1967662,-9.48828,100.0,[H]OC([H])([H])C(C([H])([H])[H])(C([H])([H])[H])C([H])([H])C([H])([H])C([H])([H])N([H])C1=NC(Cl)=C([H])C(=C1[H])C1=C([H])N([H])C2=NC([H])=C([H])C([H])=C12,0
CHEMBL433068,-8.14738,100.0,[H]N(C1=NC(=C([H])C([H])=N1)C1=C(N=C(S1)C([H])([H])[H])C([H])([H])[H])C1=C([H])C(Cl)=C(C([H])=C1[H])N(C([H])([H])[H])C([H])([H])[H],3
CHEMBL1978099,-9.79512,100.0,[H]N([H])S(=O)(=O)C1=C(C([H])=C([H])C(N([H])C2=NC(N([H])C3=C([H])C([H])=C(OC([H])([H])C(=O)N([H])C([H])([H])[H])C([H])=C3[H])=C(F)C([H])=N2)=C1[H])C([H])([H])[H],0
CHEMBL3099750,-10.78337,100.0,[H]OC(=O)C1=C([H])C(=NC2=C([H])C([H])=C(\C([H])=C(/[H])C3=C([H])C([H])=C(Cl)C([H])=C3[H])C([H])=C12)C(=O)N([H])[C@]([H])(C(=O)N([H])C([H])([H])[H])C([H])([H])C1=C([H])C([H])=C(O[H])C([H])=C1[H],0
CHEMBL296586,-8.12674,100.0,[H]N1C2=C(C([H])=C(Br)C([H])=C2[H])C2=C1C1=C(N([H])C(=O)C2([H])[H])C([H])=C([H])C([H])=C1[H],2
CHEMBL482967,-9.20051,100.0,[H]N([H])C1=NC(=C(S1)C1=NC(=NC([H])=C1[H])N([H])C1=C([H])C([H])=C(C([H])=C1[H])N1C([H])([H])C([H])([H])OC([H])([H])C1([H])[H])C([H])([H])[H],0
CHEMBL1969561,-8.3468,100.0,[H]N1N=C([H])C2=C1C([H])=C([H])C(=C2[H])C1=C(N(N=N1)C([H])([H])C1=C([H])C([H])=C([H])C([H])=C1[H])C(=O)N(C([H])([H])[H])C([H])(C([H])([H])[H])C([H])([H])[H],2
CHEMBL3099752,-9.73198,100.0,[H]OC(=O)C1=C([H])C(=NC2=C([H])C([H])=C(C([H])=C12)C1=C([H])C(=C([H])C([H])=C1[H])C(F)(F)F)C(=O)N([H])[C@]([H])(C([H])([H])OC([H])([H])[H])C([H])([H])C1=C([H])C([H])=C(O[H])C([H])=C1[H],0
CHEMBL185323,-8.21575,100.0,[H]N(C1=NC([H])=C([H])C(=N1)C1=C(N([H])C(C#N)=C1C([H])([H])[H])C([H])([H])[H])C1=C([H])C([H])=C(F)C([H])=C1[H],4
CHEMBL1974328,-8.99743,100.0,[H]N([H])C(=O)C1=C(N=C(N([H])[C@@]2([H])C([H])([H])C([H])([H])C([H])([H])C([H])([H])[C@]2([H])N([H])[H])C([H])=N1)N([H])C1=C([H])C([H])=C([H])C(=C1[H])C([H])([H])[H],2
CHEMBL1980562,-9.32112,100.0,[H]N(C1=NC(=C([H])C(Cl)=N1)C1=C([H])N([H])C2=NC([H])=C([H])C([H])=C12)[C@@]1([H])C([H])([H])C([H])([H])[C@]([H])(N([H])S(=O)(=O)C([H])([H])[H])C([H])([H])C1([H])[H],4
CHEMBL2005936,-10.54604,100.0,[H]N(C(=O)C([H])([H])C([H])([H])C([H])([H])[H])C1=NN([H])C2=C([H])C([H])=C(C([H])=C12)C1=C(N(N=N1)C([H])([H])C1=C([H])C([H])=C([H])C([H])=C1[H])C1=C([H])C([H])=C([H])C([H])=C1[H],2
CHEMBL453217,-8.1357,100.0,[H]N(C1=NC([H])=C([H])C(=N1)C1=NC(=C([H])S1)C([H])([H])[H])C1=C([H])C(=C([H])C(=C1[H])C([H])([H])[H])C([H])([H])[H],1
CHEMBL1982660,-8.37944,100.0,[H]N(C(=O)N([H])C1=C2C([H])=C([H])C(OC([H])([H])[H])=C([H])C2=NC([H])=C1[H])C1=NC(=C([H])C([H])=C1[H])C(F)(F)F,1
CHEMBL188785,-9.66009,100.0,[H]N(C1=NC([H])=C([H])C(=N1)C1=C2C([H])=C([H])C(OC([H])([H])[H])=NN2N=C1[H])C1=C([H])C2=C(OC([H])([H])C([H])([H])O2)C([H])=C1[H],1
CHEMBL432116,-7.83761,100.0,[H]N(C1=NC([H])=C([H])C(=N1)C1=C(N=C(S1)C([H])([H])[H])C([H])([H])[H])C1=C([H])C(F)=C([H])C([H])=C1[H],4
CHEMBL1971029,-9.61758,100.0,[H]N(C1=NC(N([H])C2=C(C([H])=C([H])C([H])=C2[H])S(=O)(=O)N([H])C([H])([H])[H])=C(Br)C([H])=N1)C1=C(OC([H])([H])[H])C([H])=C([H])C(=C1[H])N1C([H])([H])C([H])([H])N(C(=O)C([H])([H])[H])C([H])([H])C1([H])[H],0
CHEMBL1996339,-8.06448,100.0,[H]C([H])=C([H])C([H])([H])N([H])C1=C([H])C(=C([H])C(Cl)=N1)C1=C([H])N([H])C2=NC([H])=C([H])C([H])=C12,4
CHEMBL1973893,-8.72513,100.0,[H]N(C(=O)C([H])([H])[H])C1=NN([H])C2=C1C([H])=C(C([H])=C2[H])C1=C([H])C([H])=C(N([H])S(=O)(=O)C([H])([H])C([H])([H])C([H])([H])[H])C([H])=C1[H],4
CHEMBL44119,-8.09049,110.0,[H]OC1=C([H])C([H])=C([H])C(N([H])C2=NC([H])=C([H])C(=N2)C2=C(N=C(S2)N([H])C([H])([H])[H])C([H])([H])[H])=C1[H],4
CHEMBL45408,-8.10288,110.0,[H]N(C1=NC([H])=C([H])C(=N1)C1=C(N=C(S1)C([H])([H])[H])C([H])([H])[H])C1=C([H])C(=C([H])C([H])=C1[H])[N+]([O-])=O,4
CHEMBL475251,-9.76831,125.89,[H]N(C1=NC2=C(OC(C(=O)N2[H])(C([H])([H])[H])C([H])([H])[H])C([H])=C1[H])C1=C(F)C([H])=NC(=N1)N([H])C1=C([H])C(OC([H])([H])[H])=C(OC([H])([H])[H])C(OC([H])([H])[H])=C1[H],4
CHEMBL590109,-9.99448,125.89,[H]N([H])C1=NC([H])=C2N(C([H])=C(C2=N1)C1=C([H])C2=C(N([H])N=C2[H])C(=C1[H])C1=C([H])C2=C([H])C([H])=C([H])C([H])=C2S1)C([H])([H])C([H])([H])N([H])[H],4
CHEMBL2002456,-8.00573,125.89,[H]N([H])C1=NN([H])C2=C([H])C(=C([H])C(OC(C([H])([H])[H])(C([H])([H])[H])C([H])([H])[H])=C12)C1=C([H])C([H])=NC([H])=C1[H],4
CHEMBL1994438,-9.20157,125.89,[H]N([H])[C@@]1([H])C([H])([H])C([H])([H])C([H])([H])C([H])([H])[C@]1([H])N([H])C1=NC(=C([H])C(Cl)=N1)C1=C([H])N([H])C2=NC([H])=C([H])C([H])=C12,0
CHEMBL509032,-9.0775,125.89,[H]N(C1=NC(N([H])C2=C(C([H])=C([H])C([H])=C2[H])S(=O)(=O)C([H])(C([H])([H])[H])C([H])([H])[H])=C(Cl)C([H])=N1)C1=C(OC([H])([H])[H])C([H])=C(C([H])=C1[H])N1C([H])([H])C([H])([H])C([H])(N2C([H])([H])C([H])([H])N(C([H])([H])[H])C([H])([H])C2([H])[H])C([H])([H])C1([H])[H],0
CHEMBL1990912,-8.08413,125.89,[H]OC([H])([H])C([H])([H])N([H])C1=NC([H])=C2C([H])=C([H])C(=C([H])C2=C1[H])C1=C([H])N=C([H])C([H])=C1[H],1
CHEMBL2001751,-10.62522,125.89,[H]N([H])[C@@]([H])(C([H])([H])OC1=C([H])C(=C([H])N=C1[H])C1=C([H])C2=C(N([H])C(=O)\C2=C(/[H])C2=C([H])C([H])=C([H])O2)C([H])=C1[H])C([H])([H])C1=C([H])N([H])C2=C([H])C([H])=C([H])C([H])=C12,0
CHEMBL2000685,1.72124,125.89,[H]N=C(N([H])[H])N([H])\N=C(\C1=C([H])C(=C([H])C(N([H])C(=O)C2=C([H])C(=C([H])C([H])=C2[H])C(=O)N([H])C2=C([H])C(=C([H])C(=C2[H])C(=N\N([H])C(=N[H])N([H])[H])\C([H])([H])[H])C(=N\N([H])C(=N[H])N([H])[H])\C([H])([H])[H])=C1[H])C(=N\N([H])C(=N[H])N([H])[H])\C([H])([H])[H])C([H])([H])[H],2
CHEMBL2006933,-6.68094,125.89,[H]OC1=C(SC([H])([H])[H])C([H])=NC2=C1C([H])=C([H])C1=C([H])N=C([H])C([H])=C21,4
CHEMBL1986499,-10.20386,125.89,[H]N([H])C1=NN([H])C2=C([H])C([H])=C(C([H])=C12)C1=C(N(N=N1)C([H])([H])C1=C([H])C([H])=C([H])C([H])=C1[H])C1=C([H])C([H])=C(F)C([H])=C1[H],2
CHEMBL565612,-9.09585,125.89,[H]N1C([H])=C(C2=C([H])C([H])=C([H])C([H])=C12)C1=C(C(=O)N([H])C1=O)C1=NC(=NC2=C([H])C([H])=C([H])C([H])=C12)N1C([H])([H])C([H])([H])N(C([H])([H])[H])C([H])([H])C1([H])[H],1
CHEMBL1987948,-9.40132,125.89,[H]N(C1=NC(=C([H])C(Cl)=N1)C1=C([H])N([H])C2=NC([H])=C([H])C([H])=C12)[C@]1([H])C([H])([H])C([H])([H])C([H])([H])[C@]([H])(N([H])S(=O)(=O)C([H])([H])[H])C1([H])[H],2
CHEMBL1969221,-9.43198,125.89,[H]N([H])C1=NN([H])C2=C1C([H])=C(C([H])=C2[H])C1=C(N(N=N1)C([H])([H])C1=C([H])C([H])=C([H])C([H])=C1[H])C1=C([H])C([H])=C(C([H])=C1[H])N(C([H])([H])[H])C([H])([H])[H],2
CHEMBL1970821,-7.81858,125.89,[H]OC([H])([H])C([H])([H])C([H])([H])C([H])([H])N([H])C1=NC(Cl)=C([H])C(=C1[H])C1=C([H])N([H])C2=NC([H])=C([H])C([H])=C12,0
CHEMBL359623,-8.50728,130.0,[H]OC1=C(C([H])=C([H])C(N([H])C2=NC([H])=C([H])C(=N2)C2=C(N([H])C(C#N)=C2C([H])([H])[H])C([H])([H])[H])=C1[H])C([H])([H])[H],4
CHEMBL571722,-11.17252,138.0,[H]OC([H])([H])[C@@]([H])(N([H])C(=O)C1=C([H])C(=C([H])N1[H])C1=C(C([H])=NC(=N1)N([H])C1=C2OC([H])([H])C([H])([H])OC2=C([H])C([H])=C1[H])C([H])([H])[H])C1=C([H])C(Cl)=C([H])C([H])=C1[H],3
CHEMBL442957,-8.1233,140.0,[H]OC1=C([H])C([H])=C(N([H])C2=NC([H])=C([H])C(=N2)C2=C(N=C(S2)C([H])([H])[H])C([H])([H])[H])C([H])=C1[H],0
CHEMBL584754,-10.8396,140.0,[H]OC([H])([H])[C@@]([H])(N([H])C(=O)C1=C([H])C(=C([H])N1[H])C1=C(C([H])=NC(=N1)N([H])C1=C(C([H])=C([H])C([H])=C1[H])C([H])([H])[H])C([H])([H])[H])C1=C([H])C([H])=C([H])C([H])=C1[H],4
CHEMBL3099755,-9.11043,140.0,[H]OC(=O)C1=C([H])C(=NC2=C([H])C([H])=C(C([H])=C12)C1=C([H])C(Cl)=C([H])C([H])=C1[H])C(=O)N([H])[C@]([H])(C(=O)OC([H])([H])[H])C([H])([H])C1=C([H])C([H])=C(O[H])C([H])=C1[H],1
CHEMBL264345,-8.62725,140.0,[H]N(C1=NC([H])=C([H])C(=N1)C1=C(N([H])C(C#N)=C1C([H])([H])[H])C([H])([H])[H])C1=C([H])C(=C([H])C([H])=C1[H])[N+]([O-])=O,3
CHEMBL3932121,-8.80433,149.0,[H]N(C1=NC([H])=C([H])C(=N1)C1=C(N(C(=O)S1)C([H])([H])[H])C([H])([H])[H])C1=C([H])C([H])=C(C([H])=C1[H])N1C([H])([H])C([H])([H])N([H])C([H])([H])C1([H])[H],3
CHEMBL185871,-9.8847,150.0,[H]N(C1=NC(=C([H])C([H])=N1)C1=C2C([H])=C([H])C([H])=NN2N=C1[H])C1=C([H])C([H])=C(C([H])=C1[H])[C@]([H])(C([H])([H])[H])C([H])([H])C([H])([H])[H],0
CHEMBL364587,-9.46387,150.0,[H]N(C1=NC(=C([H])C([H])=N1)C1=C2C([H])=C([H])C([H])=NN2N=C1[H])C1=C([H])C([H])=C(C([H])=C1[H])C(C([H])([H])[H])(C([H])([H])[H])C([H])([H])[H],4
CHEMBL582829,-10.76608,150.0,[H]OC([H])([H])[C@@]([H])(N([H])C(=O)C1=C([H])C(=C([H])N1[H])C1=C(C([H])=NC(=N1)N([H])C1=C(C(F)=C([H])C([H])=C1[H])C([H])([H])[H])C([H])([H])[H])C1=C([H])C(Cl)=C([H])C([H])=C1[H],2
CHEMBL1084630,-9.29942,151.0,[H]N(C1=NC(=C(S1)C1=NC(=NC([H])=C1[H])N([H])C1=C([H])C([H])=C(C([H])=C1[H])N1C([H])([H])C([H])([H])OC([H])([H])C1([H])[H])C([H])([H])[H])C([H])([H])C([H])([H])[H],4
CHEMBL1084629,-9.18436,156.0,[H]N(C1=NC(=C(S1)C1=NC(=NC([H])=C1[H])N([H])C1=C([H])C([H])=C(C([H])=C1[H])N1C([H])([H])C([H])([H])OC([H])([H])C1([H])[H])C([H])([H])[H])C([H])([H])[H],4
CHEMBL1981720,-7.75632,158.49,[H]N(C(=O)N([H])C1=C2C([H])=C([H])C([H])=C([H])C2=NC([H])=C1[H])C1=NC([H])=C([H])N=C1[H],2
CHEMBL1972339,-10.23537,158.49,[H]N1N=C(C2=C([H])C(=C([H])C([H])=C12)C1=C(N(N=N1)C([H])([H])C1=C([H])C([H])=C([H])C([H])=C1[H])C1=C([H])C([H])=C(F)C([H])=C1[H])C([H])([H])[H],1
CHEMBL1966524,-10.28882,158.49,[H]N([H])[C@@]([H])(C([H])([H])OC1=C([H])C(=C([H])N=C1[H])C1=C([H])C2=C([H])C([H])=NC([H])=C2S1)C([H])([H])C1=C([H])N([H])C2=C([H])C([H])=C([H])C([H])=C12,3
CHEMBL2000271,-9.93885,158.49,[H]N([H])C([H])([H])[C@]([H])(C([H])([H])OC1=C([H])N=C([H])C(=C1[H])C1=C([H])C([H])=C2N([H])N=C(C2=C1[H])C([H])([H])[H])C([H])([H])C1=C([H])C([H])=C([H])C([H])=C1[H],1
CHEMBL1998068,-7.44304,158.49,[H]N(C1=NC(Cl)=C([H])C(=C1[H])C1=C([H])N([H])C2=NC([H])=C([H])C([H])=C12)[C@]([H])(C([H])([H])[H])C([H])([H])OC([H])([H])[H],4
CHEMBL1971017,-7.78158,158.49,[H]N([H])C(=O)C1=C([H])C2=C(C([H])=NC([H])=C2S1)C1=C([H])C(F)=C([H])C([H])=C1[H],3
CHEMBL2000393,-10.36577,158.49,[H]N1C(=O)N(C2=C1C([H])=NC(=N2)N1C([H])=NC2=C1C([H])=C(F)C([H])=C2[H])[C@@]1([H])C2=C(OC([H])([H])C1([H])[H])C(F)=C([H])C([H])=C2[H],4
CHEMBL1980391,-7.94473,158.49,[H]N1N=C2N([H])C3=C([H])C(OC([H])([H])[H])=C(F)C([H])=C3C(=NC2=C1C([H])([H])[H])C1=C(Cl)C([H])=C([H])C([H])=C1[H],1
CHEMBL1974250,-10.00486,158.49,[H]N(C(=O)C1=C([H])N([H])N2C1=NC(=C([H])C2=O)C1=C([H])C([H])=NC([H])=C1[H])C([H])([H])C1=C([H])C([H])=C([H])C([H])=C1[H],4
CHEMBL1998432,-9.38356,158.49,[H]N([H])[C@]1([H])C([H])([H])C([H])([H])C([H])([H])[C@]([H])(N([H])C2=NC(=C([H])C(Cl)=N2)C2=C([H])N([H])C3=NC([H])=C([H])C([H])=C23)C1([H])[H],4
CHEMBL1996817,-7.15633,158.49,[H]N1C([H])=C(C2=C(OC([H])([H])C([H])([H])C([H])([H])C([H])([H])[H])N=C([H])N=C12)C1=C([H])C([H])=C([H])C([H])=C1[H],2
CHEMBL189235,-9.84583,160.0,[H]N(C1=NC([H])=C([H])C(=N1)C1=C2C([H])=C([H])C(OC([H])([H])[H])=NN2N=C1[H])C1=C([H])C(=C([H])C([H])=C1[H])C(F)(F)F,0
CHEMBL47249,-8.51946,160.0,[H]C([H])=C([H])C([H])([H])N([H])C1=NC(=C(S1)C1=NC(=NC([H])=C1[H])N([H])C1=C([H])C(=C([H])C([H])=C1[H])[N+]([O-])=O)C([H])([H])[H],4
CHEMBL3099751,-10.75549,160.0,[H]OC(=O)C1=C([H])C(=NC2=C([H])C([H])=C(\C([H])=C(/[H])C3=C([H])C([H])=C(Cl)C([H])=C3[H])C([H])=C12)C(=O)N([H])[C@]([H])(C(=O)N(C([H])([H])[H])C([H])([H])[H])C([H])([H])C1=C([H])C([H])=C(O[H])C([H])=C1[H],2
CHEMBL1084454,-7.83127,168.0,[H]N([H])C1=C([H])C([H])=C(N([H])C2=NC([H])=C([H])C(=N2)C2=C(N=C(S2)C([H])([H])[H])C([H])([H])[H])C([H])=C1[H],4
CHEMBL576683,-11.41364,170.0,[H]OC([H])([H])[C@@]([H])(N([H])C(=O)C1=C([H])C(=C([H])N1[H])C1=C(C([H])=NC(=N1)N([H])C1=C2OC(F)(F)OC2=C([H])C([H])=C1[H])C([H])([H])[H])C1=C([H])C(Cl)=C([H])C([H])=C1[H],4
CHEMBL365248,-9.45553,190.0,[H]N(C1=NC([H])=C([H])C(=N1)C1=C2C([H])=C([H])C(OC([H])([H])[H])=NN2N=C1[H])C1=C([H])C(OC(F)(F)F)=C([H])C([H])=C1[H],1
CHEMBL188303,-9.80264,190.0,[H]N(C1=NC([H])=C([H])C(=N1)C1=C2C([H])=C([H])C(=NN2N=C1[H])C([H])([H])[H])C1=C([H])C([H])=C(C([H])=C1[H])C(F)(F)F,1
CHEMBL188417,-8.52272,190.0,[H]N(C1=NC(=C([H])C([H])=N1)C1=C2C([H])=C([H])C(OC([H])([H])[H])=NN2N=C1[H])C1=C([H])C(OC([H])([H])[H])=C([H])C(OC([H])([H])[H])=C1[H],1
CHEMBL1971172,-8.63422,199.53,[H]N(C1=NC(Cl)=C([H])C(=C1[H])C1=C([H])N([H])C2=NC([H])=C([H])C([H])=C12)C([H])([H])C(C([H])([H])[H])(C([H])([H])[H])C([H])([H])N([H])S(=O)(=O)C([H])([H])[H],3
CHEMBL1682358,-10.37854,199.53,[H]N([H])C1=NN([H])C2=C([H])C([H])=C(C([H])=C12)C1=C([H])C(=NO1)C([H])([H])C1=C([H])C([H])=C([H])C([H])=C1[H],2
CHEMBL52387,-7.38751,199.53,[H]OC([H])([H])[C@]([H])(N([H])C1=NC2=C(N=C([H])N2C([H])(C([H])([H])[H])C([H])([H])[H])C(=N1)N([H])C([H])([H])C1=C([H])C([H])=C([H])C([H])=C1[H])C([H])([H])C([H])([H])[H],3
CHEMBL1990254,-8.48765,199.53,[H]N([H])C([H])([H])[C@]([H])(N([H])C(=O)C1=C([H])C([H])=C(C([H])=C1[H])C1=C([H])C([H])=NC([H])=C1[H])C1=C([H])C([H])=C([H])C([H])=C1[H],1
CHEMBL1988331,-10.03155,199.53,[H]N(C1=NC(Cl)=C([H])C(=C1[H])C1=C([H])N([H])C2=NC([H])=C([H])C([H])=C12)C([H])([H])C1=C([H])C([H])=C([H])C(=C1C([H])([H])[H])C([H])([H])[H],3
CHEMBL1988838,-9.21088,199.53,[H]N([H])C(=O)C([H])([H])OC1=C([H])C([H])=C(N([H])C2=C(C([H])=NC(=N2)N([H])C2=C([H])C(=C([H])C([H])=C2[H])S(=O)(=O)N([H])[H])C([H])([H])[H])C([H])=C1[H],2
CHEMBL1996111,-8.96354,199.53,[H]N1N=C([H])C2=C1C([H])=C([H])C(=C2[H])C1=C(N(N=N1)C([H])([H])C1=C([H])C([H])=C([H])C([H])=C1[H])C(=O)N(C([H])([H])[H])C([H])([H])[H],3
CHEMBL1991188,-8.62802,199.53,[H]N(C(=O)C1=C(OC([H])([H])[H])C([H])=C(C([H])=C1[H])C1=C(F)C([H])=NC([H])=C1[H])[C@@]([H])(C1=C([H])C([H])=C([H])C(OC([H])([H])[H])=C1[H])C([H])([H])[H],1
CHEMBL1983157,-7.6033,199.53,[H]N([H])C1=NN([H])C2=C([H])C(=C([H])C(N([H])C([H])([H])C([H])([H])C([H])([H])C([H])([H])[H])=C12)C1=C([H])C([H])=NC([H])=C1[H],4
CHEMBL2006439,-8.42955,199.53,[H]N(C1=NC(=C([H])C(Cl)=N1)C1=C([H])N([H])C2=NC([H])=C([H])C([H])=C12)C1([H])C([H])([H])C([H])([H])C([H])([H])C([H])([H])C1([H])[H],3
CHEMBL379975,-6.78229,199.53,[H]OC1=C([H])C2=C(N([H])C3=C([H])C(=C4C(=O)N([H])C(=O)C4=C23)C2=C(Cl)C([H])=C([H])C([H])=C2[H])C([H])=C1[H],4
CHEMBL1968459,-7.74615,199.53,[H]N(C1=NC([H])=NC(=C1[H])C1=C([H])N([H])C2=NC([H])=C([H])C([H])=C12)C([H])([H])C([H])([H])C([H])([H])C([H])([H])[H],1
CHEMBL3099758,-8.2393,200.0,[H]OC(=O)C1=C([H])C(=NC2=C([H])C([H])=C(C([H])=C12)C1=C([H])C(Cl)=C([H])C(Cl)=C1[H])C(=O)N([H])[C@]([H])(C(=O)OC([H])([H])[H])C([H])([H])C1=C([H])C([H])=C(O[H])C([H])=C1[H],3
CHEMBL571484,-11.11876,209.0,[H]OC([H])([H])[C@@]([H])(N([H])C(=O)C1=C([H])C(=C([H])N1[H])C1=C(C([H])=NC(=N1)N([H])C1=C2OC([H])([H])OC2=C([H])C([H])=C1[H])C([H])([H])[H])C1=C([H])C(Cl)=C([H])C([H])=C1[H],0
CHEMBL572361,-10.6627,210.0,[H]OC([H])([H])[C@@]([H])(N([H])C(=O)C1=C([H])C(=C([H])N1[H])C1=C(C([H])=NC(=N1)N([H])C1=C(C([H])=C([H])C([H])=C1[H])C([H])([H])C([H])([H])[H])C([H])([H])[H])C1=C([H])C([H])=C([H])C([H])=C1[H],1
CHEMBL46817,-7.90875,220.0,[H]N(C1=NC(=C([H])C([H])=N1)C1=C(N=C(S1)C([H])([H])[H])C([H])([H])[H])C1=C([H])C([H])=C(C([H])=C1[H])N(C([H])([H])[H])C([H])([H])[H],0
CHEMBL1083151,-7.72791,239.0,[H]N(C1=NC(=C([H])C([H])=N1)C1=C(N=C(S1)C([H])([H])[H])C([H])([H])[H])C1=C([H])C(OC([H])([H])[H])=C(OC([H])([H])[H])C(OC([H])([H])[H])=C1[H],2
CHEMBL571038,-10.84444,240.0,[H]OC([H])([H])[C@@]([H])(N([H])C(=O)C1=C([H])C(=C([H])N1[H])C1=C(C([H])=NC(=N1)N([H])C1=C(Cl)C([H])=C([H])C([H])=C1[H])C([H])([H])[H])C1=C([H])C([H])=C([H])C([H])=C1[H],2
CHEMBL570111,-11.3867,250.0,[H]OC([H])([H])[C@@]([H])(N([H])C(=O)C1=C([H])C(=C([H])N1[H])C1=C(C([H])=NC(=N1)N([H])C1=C2C(=C([H])C([H])=C1[H])C([H])([H])C([H])([H])C([H])([H])C2([H])[H])C([H])([H])[H])C1=C([H])C(Cl)=C([H])C([H])=C1[H],2
CHEMBL1976420,-7.92875,251.19,[H]OC(C1=C([H])C([H])=C(C([H])=C1[H])C1=C(C2=NC([H])=C([H])N=C2N1[H])C([H])([H])C([H])([H])[H])(C([H])([H])[H])C([H])([H])[H],1
CHEMBL1975647,-8.14112,251.19,[H]N(C(=O)N([H])C1=C([H])C([H])=NC2=C(F)C([H])=C([H])C([H])=C12)C1=NC([H])=C([H])N=C1[H],0
CHEMBL1992922,-7.45239,251.19,[H]OC([H])([H])C([H])(N([H])C1=C2C(=NC([H])=N1)N([H])C([H])=C2C1=C([H])C([H])=C([H])C([H])=C1[H])C([H])([H])O[H],1
CHEMBL1682345,-9.4766,251.19,[H]N1N=C([H])C2=C1C([H])=C([H])C(=C2[H])C1=C([H])N(N=N1)C([H])([H])C1=C([H])C([H])=C([H])C([H])=C1[H],4
CHEMBL1966343,-8.84806,251.19,[H]N([H])C1=NN([H])C2=C1C([H])=C(C([H])=C2[H])C1=C([H])C(=NO1)C([H])([H])C([H])(C([H])([H])[H])C([H])([H])[H],1
CHEMBL1975787,-8.03982,251.19,[H]N([H])C(=O)C1=C([H])C2=C(C([H])=NC([H])=C2S1)C1=C(F)C([H])=C(F)C([H])=C1[H],3
CHEMBL2002613,-10.37442,251.19,[H]N(C(=O)C1=C([H])C(OC([H])([H])[H])=C([H])C(OC([H])([H])[H])=C1[H])C1=NN([H])C2=C([H])C([H])=C(C([H])=C12)C1=C([H])N(N=N1)C([H])([H])C1=C([H])C([H])=C([H])C([H])=C1[H],0
CHEMBL1992634,-7.36322,251.19,[H]N1C([H])=C(C2=C1N=C([H])C(Br)=C2[H])C1=C([H])C([H])=C([H])C([H])=C1[H],0
CHEMBL362558,-10.70414,251.19,[H]N1C(=O)C(C2=C([H])N=C3C([H])=C([H])C([H])=C([H])N23)=C(C1=O)C1=C([H])N2C3=C1C([H])=C(F)C([H])=C3C([H])([H])N(C(=O)N1C([H])([H])C([H])([H])C([H])([H])C([H])([H])C1([H])[H])C([H])([H])C2([H])[H],3
CHEMBL340384,-8.46545,251.19,[H]OC1=C([H])C(Cl)=C(C([H])=C1[H])N1C([H])=C(C(=O)N([H])[H])C(=O)C2=C([H])C([H])=C(C([H])=C12)C1=C([H])C([H])=NC([H])=C1[H],1
CHEMBL2005387,-8.90823,251.19,[H]OC(C([H])([H])[H])(C([H])([H])[H])C([H])([H])N([H])C1=NC(Cl)=C([H])C(=C1[H])C1=C([H])N([H])C2=NC([H])=C([H])C([H])=C12,3
CHEMBL1997643,-10.63463,251.19,[H]N(C(=O)C1=C(OC([H])([H])[H])C([H])=C([H])C([H])=C1[H])C1=NN([H])C2=C([H])C([H])=C(C([H])=C12)C1=C([H])N(N=N1)C([H])([H])C1=C([H])C([H])=C([H])C([H])=C1[H],3
CHEMBL1991674,-9.15989,251.19,[H]O[C@@]1([H])C([H])([H])C([H])([H])[C@]([H])(N([H])C2=NC(=NC(Cl)=C2[H])C2=C([H])N([H])C3=NC([H])=C([H])C([H])=C23)C([H])([H])C1([H])[H],1
CHEMBL1964340,-7.69359,251.19,[H]N(C1=NC(Cl)=C([H])C(=C1[H])C1=C([H])N([H])C2=NC([H])=C([H])C([H])=C12)C([H])([H])C([H])([H])OC([H])([H])[H],1
CHEMBL1958401,-7.98761,251.19,[H]N(C1=NC(=C([H])C(=O)N1[H])C1=C([H])C([H])=NC([H])=C1[H])C1([H])C([H])([H])C([H])([H])C([H])([H])C([H])([H])C1([H])[H],1
CHEMBL2006456,-9.81005,251.19,[H]N(C1=NC(=C([H])C(Cl)=N1)C1=C([H])N([H])C2=NC([H])=C([H])C([H])=C12)[C@@]1([H])C([H])([H])C([H])([H])[C@]([H])(N([H])C([H])([H])C([H])(C([H])([H])[H])C([H])([H])[H])C([H])([H])C1([H])[H],1
CHEMBL1989646,-8.97548,251.19,[H]N([H])C1=NN([H])C2=C1C([H])=C(C([H])=C2[H])C1=C(N(N=N1)C([H])([H])C1=C([H])C([H])=C([H])C([H])=C1[H])C([H])([H])[H],4
CHEMBL1973395,-7.94002,251.19,[H]OC1([H])C([H])([H])C([H])([H])N(C2=C3C(=NC([H])=N2)N([H])C([H])=C3C2=C([H])C([H])=C([H])C([H])=C2[H])C([H])([H])C1([H])[H],4
CHEMBL1682553,-8.14054,251.19,[H]N(C1=C(N=C2N=C([H])C([H])=C([H])N12)C1=C([H])C2=C(N([H])N=C2[H])C([H])=C1[H])C([H])(C([H])([H])[H])C([H])([H])[H],2
CHEMBL443962,-7.32997,251.19,[H]C1=NN2C([H])=C(C([H])=NC2=C1Br)C1=C([H])C([H])=C(OC([H])([H])[H])C([H])=C1[H],2
CHEMBL1967887,-7.60575,251.19,[H]N([H])C([H])([H])C([H])([H])OC1=C([H])N=C([H])C(=C1[H])C1=C([H])C([H])=C2N([H])N=C(C2=C1[H])C([H])([H])[H],2
CHEMBL2005718,-8.34866,251.19,[H]N(C1=NC(Cl)=C([H])C(=C1[H])C1=C([H])N([H])C2=NC([H])=C([H])C([H])=C12)C([H])([H])C([H])([H])N([H])S(=O)(=O)C([H])([H])[H],0
CHEMBL1083152,-7.74101,256.0,[H]N(C1=NC([H])=C([H])C(=N1)C1=C(N=C(S1)N([H])C([H])([H])[H])C([H])([H])[H])C1=C([H])C(OC([H])([H])[H])=C(OC([H])([H])[H])C(OC([H])([H])[H])=C1[H],3
CHEMBL185099,-8.10283,270.0,[H]N(C1=NC([H])=C([H])C(=N1)C1=C(N([H])C(Br)=C1C([H])([H])[H])C([H])([H])[H])C1=C([H])C([H])=C(F)C([H])=C1[H],3
CHEMBL1083150,-7.9014,286.0,[H]N(C1=NC(=C([H])C([H])=N1)C1=C(N=C(S1)C([H])([H])[H])C([H])([H])[H])C1=C([H])C([H])=C(N([H])C([H])([H])[H])C([H])=C1[H],2
CHEMBL577193,-10.47796,290.0,[H]OC([H])([H])[C@@]([H])(N([H])C(=O)C1=C([H])C(=C([H])N1[H])C1=C(C([H])=NC(=N1)N([H])C1=C([H])C([H])=C([H])C([H])=C1[H])C([H])([H])[H])C1=C([H])C(Cl)=C([H])C([H])=C1[H],3
CHEMBL48109,-8.42591,290.0,[H]N(C1=NC([H])=C([H])C(=N1)C1=C(N=C(S1)C([H])([H])[H])C([H])([H])[H])C1=C([H])C([H])=C(C([H])=C1[H])C(F)(F)F,0
CHEMBL1083785,-9.27669,297.0,[H]N(C1=NC(=C(S1)C1=NC(=NC([H])=C1[H])N([H])C1=C([H])C([H])=C(C([H])=C1[H])N1C([H])([H])C([H])([H])N(C(=O)C([H])([H])[H])C([H])([H])C1([H])[H])C([H])([H])[H])C([H])([H])[H],2
CHEMBL47132,-7.83593,300.0,[H]N(C1=NC([H])=C([H])C(=N1)C1=C(N=C(S1)C([H])([H])[H])C([H])([H])[H])C1=C([H])C(C#N)=C([H])C([H])=C1[H],1
CHEMBL3099749,-9.05131,300.0,[H]OC(=O)C1=C([H])C(=NC2=C([H])C([H])=C(C([H])=C12)C1=C([H])C(=C([H])C([H])=C1[H])C(F)(F)F)C(=O)N([H])[C@@]([H])(C([H])([H])C1=C([H])C([H])=C(O[H])C([H])=C1[H])C([H])([H])C([H])([H])C([H])([H])[H],3
CHEMBL361697,-8.62219,310.0,[H]N(C1=NC(=C([H])C([H])=N1)C1=C2C([H])=C([H])C([H])=NN2N=C1[H])C1=C([H])C(Cl)=C([H])C(Cl)=C1[H],1
CHEMBL576048,-10.79297,316.0,[H]OC([H])([H])[C@@]([H])(N([H])C(=O)C1=C([H])C(=C([H])N1[H])C1=C(C([H])=NC(=N1)N([H])C1=C(F)C([H])=C(Cl)C([H])=C1[H])C([H])([H])[H])C1=C([H])C(Cl)=C([H])C([H])=C1[H],0
CHEMBL392642,-8.23796,316.23,[H]N([H])C([H])([H])[C@@]1([H])C([H])([H])C([H])([H])[C@]([H])(C([H])([H])N([H])C2=C(C([H])=NC(=N2)N([H])C([H])([H])C2=C(SC([H])([H])[H])C([H])=C([H])C([H])=C2[H])[N+]([O-])=O)C([H])([H])C1([H])[H],4
CHEMBL1965845,-9.87984,316.23,[H]N(C(=O)N1C([H])([H])C([H])=C(C2=C([H])N([H])C3=NC([H])=C([H])C([H])=C23)C([H])([H])C1([H])[H])[C@]([H])(C1=C([H])C([H])=C([H])C(OC([H])([H])[H])=C1[H])C([H])([H])[H],4
CHEMBL1986666,-9.42269,316.23,[H]OC(=O)C1=C(N([H])C2=NC(=NC([H])=N2)N([H])C2=C([H])C3=C(C([H])=NN3[H])C([H])=C2[H])C([H])=C([H])C([H])=C1[H],0
CHEMBL1982957,-9.73679,316.23,[H]N([H])C(=O)C1=C([H])C(=C([H])C([H])=C1[H])C1=C([H])C2=C(N=C1[H])N([H])C([H])=C2C1=C([H])C([H])=C([H])C([H])=C1[H],1
CHEMBL1967704,-8.32484,316.23,[H]N(C([H])([H])C([H])([H])OC1=C([H])N=C([H])C(=C1[H])C1=C([H])C([H])=C2N([H])N=C(C2=C1[H])C([H])([H])[H])S(=O)(=O)C([H])([H])[H],2
CHEMBL1977346,-7.5426,316.23,[H]N1C2=NN=C(I)C([H])=C2C(=O)N([H])C2=C1C([H])=C([H])C([H])=C2[H],0
CHEMBL178737,-8.30046,316.23,[H]N1C(=O)C(C2=C([H])N=C3C([H])=C([H])C([H])=C([H])N23)=C(C1=O)C1=C([H])N2C3=C(C([H])=C([H])C([H])=C13)C([H])([H])N(C(=O)N1C([H])([H])C([H])([H])OC([H])([H])C1([H])[H])C([H])([H])C2([H])[H],0
CHEMBL1190711,-8.45996,316.23,[H]N([H])C(=O)C1=C(N=C([H])C([H])=C1[H])N([H])C1=NC(=C([H])C2=NC([H])=C([H])N12)C1=C([H])C(OC([H])([H])[H])=C(OC([H])([H])[H])C([H])=C1[H],1
CHEMBL225519,-7.42621,316.23,[H]N1C(=C([H])C2=C1C([H])([H])C([H])([H])N([H])C2=O)C1=C([H])C([H])=NC([H])=C1[H],3
CHEMBL1970913,-7.95789,316.23,[H]N(C(=O)C([H])([H])C([H])([H])C([H])([H])[H])C1=NN(C(=O)C([H])([H])C([H])([H])[H])C2=NC3=C([H])C([H])=C([H])C([H])=C3C([H])=C12,2
CHEMBL243088,-8.9869,316.23,[H]OC(=O)C1=C(N([H])C2=NC(=NC([H])=C2[H])N([H])C2=C([H])C(O[H])=C([H])C([H])=C2[H])C([H])=C([H])C([H])=C1[H],4
CHEMBL1999918,-8.16526,316.23,[H]N([H])C(=O)C1=C([H])C2=C(C([H])=NC([H])=C2S1)C1=C(F)C(F)=C(Br)C([H])=C1[H],2
CHEMBL1968850,-7.31113,316.23,[H]N1C2=NN=C(Cl)C([H])=C2C(=O)N([H])C2=C1C([H])=C([H])C([H])=C2[H],0
CHEMBL1989006,-7.77804,316.23,[H]OC([H])([H])C([H])([H])N([H])C1=NC(Cl)=C([H])C(=C1[H])C1=C([H])N([H])C2=NC([H])=C([H])C([H])=C12,1
CHEMBL1988173,-9.39884,316.23,[H]OC(C(=O)N([H])N([H])C(=S)N([H])C1=C(C([H])=C(Cl)C([H])=C1[H])C([H])([H])[H])(C1=C([H])C([H])=C([H])C([H])=C1[H])C1=C([H])C([H])=C([H])C([H])=C1[H],2
CHEMBL1969523,-9.4297,316.23,[H]N(C1=C(N([H])[C@]([H])(C([H])([H])[H])C(C([H])([H])[H])(C([H])([H])[H])C([H])([H])[H])C(=O)C1=O)C1=NC(=NC([H])=C1[H])N([H])C1=C([H])C(=C([H])C([H])=C1[H])C([H])([H])[H],4
CHEMBL243298,-8.90207,316.23,[H]OC(=O)C1=C(N([H])C2=NC(=NC([H])=C2[H])N([H])C2=C([H])C(F)=C([H])C([H])=C2[H])C([H])=C([H])C([H])=C1[H],2
CHEMBL1987261,-8.7558,316.23,[H]N([H])C([H])([H])C(C([H])([H])[H])(C([H])([H])[H])C([H])([H])N([H])C1=NC(F)=C([H])C(=C1[H])C1=C([H])N([H])C2=NC([H])=C([H])C([H])=C12,4
CHEMBL217537,-9.18431,327.0,[H]N([H])C1=C(C([H])=NC(=N1)N([H])C1([H])C([H])([H])C([H])([H])N(C(=O)C([H])([H])[H])C([H])([H])C1([H])[H])C(=O)C1=C(OC([H])([H])[H])C([H])=C([H])C([H])=C1[H],3
CHEMBL393929,-8.55327,340.0,[H]N(C1=NC(=O)\C(S1)=C(/[H])C1=C([H])C2=C([H])C([H])=C([H])N=C2C([H])=C1[H])C([H])([H])C1=C([H])C([H])=C([H])S1,2
CHEMBL5196242,-9.45933,350.0,[H]OC1=C(\C([H])=C(/C#N)C(=O)N([H])C2=C([H])C([H])=C([H])C(=C2[H])C2=NN(C3=C2C(=O)N([H])C([H])=N3)C(C([H])([H])[H])(C([H])([H])[H])C([H])([H])[H])C([H])=C([H])C([H])=C1[H],4
CHEMBL365245,-8.56706,360.0,[H]N(C1=NC([H])=C([H])C(=N1)C1=C(N([H])C(Cl)=C1C([H])([H])[H])C([H])([H])[H])C1=C([H])C([H])=C(F)C([H])=C1[H],4
CHEMBL47302,-6.1623,396.0,[H]N([H])C1=NC([H])=C([H])C(=N1)C1=C(N=C(S1)C([H])([H])[H])C([H])([H])[H],3
CHEMBL1682554,-7.8536,398.11,[H]N(C1=C(N=C2N=C([H])C([H])=C([H])N12)C1=C([H])C2=C(N([H])N=C2[H])C([H])=C1[H])C([H])([H])C([H])([H])C([H])([H])C([H])([H])[H],0
CHEMBL1982506,-6.73443,398.11,[H]N1C(=O)C2=C(C1=O)C1=C([H])C(OC([H])([H])[H])=C(OC([H])([H])[H])C([H])=C1C([H])=N2,3
CHEMBL2003524,-7.31971,398.11,[H]N1C(=O)C2=NC(=C3C([H])=C(OC([H])([H])[H])C(OC([H])([H])[H])=C([H])C3=C2C1=O)C([H])([H])C([H])([H])[H],4
CHEMBL2003482,-9.32431,398.11,[H]N(C(=O)C([H])([H])C1=C([H])C([H])=C(Cl)C([H])=C1[H])C1=C2C(=NN1[H])C([H])([H])C([H])([H])C2([H])[H],2
CHEMBL1985095,-10.43717,398.11,[H]N([H])C(=O)C([H])([H])N1C([H])=C(C2=NC(=NC([H])=C12)N([H])[H])C1=C([H])C2=C(N([H])N=C2[H])C(=C1[H])C1=C([H])C2=C([H])C([H])=C([H])C([H])=C2S1,0
CHEMBL1971943,-9.37659,398.11,[H]N([H])C1=NC(Cl)=C([H])C(=N1)N([H])C1=C([H])C(F)=C(OC2=C3C(=NC([H])=C2[H])N([H])C([H])=C3C([H])([H])[H])C(F)=C1[H],2
CHEMBL491758,-8.26857,398.11,[H]N(C1=NC(N([H])C2=C([H])C([H])=C([H])C([H])=C2[H])=C(F)C([H])=N1)C1=C([H])C([H])=C([H])C([H])=C1[H],3
CHEMBL243518,-9.19383,398.11,[H]OC(=O)C1=C(N([H])C2=C([H])C([H])=NC(=N2)N([H])C2=C([H])C(F)=C(C([H])=C2[H])C([H])([H])[H])C([H])=C([H])C([H])=C1[H],2
CHEMBL1981079,-8.27189,398.11,[H]N([H])C(=O)C1=C(N([H])C(=C1[H])C1=NC(=NC([H])=C1[H])N([H])[H])C1=C(F)C([H])=C(Cl)C([H])=C1[H],1
CHEMBL1989293,-9.1899,398.11,[H]N1C2=C(N([H])C(=O)C3=C1C([H])=C(C([H])=C3[H])C1=C(F)C([H])=NC([H])=C1[H])C([H])=C([H])C([H])=C2[H],3
CHEMBL1983589,-9.17115,398.11,[H]N([H])[C@@]1([H])C([H])([H])C([H])([H])[C@]([H])(N([H])C2=NC(=NC(Cl)=C2[H])C2=C([H])N([H])C3=NC([H])=C([H])C([H])=C23)C([H])([H])C1([H])[H],0
CHEMBL526133,-8.99144,398.11,[H]N1N=C([H])C2=C1C([H])=C([H])C(=C2[H])C1=NC(=O)N([H])C(=C1[H])C1=C([H])C([H])=C([H])C([H])=C1[H],3
CHEMBL1972290,-7.81065,398.11,[H]N([H])C([H])([H])C([H])([H])N([H])C1=NC(Cl)=C([H])C(=C1[H])C1=C([H])N([H])C2=NC([H])=C([H])C([H])=C12,4
CHEMBL1964804,-8.68145,398.11,[H]N(C([H])([H])C([H])([H])OC1=C([H])C(=C([H])N=C1[H])C1=C([H])C2=C([H])C([H])=NC([H])=C2C([H])=C1[H])S(=O)(=O)C([H])([H])[H],2
CHEMBL2005216,-9.3717,398.11,[H]N(C1=NC(=NC(Cl)=C1[H])C1=C([H])N([H])C2=NC([H])=C([H])C([H])=C12)[C@@]1([H])C([H])([H])C([H])([H])[C@]([H])(N([H])S(=O)(=O)C([H])([H])[H])C([H])([H])C1([H])[H],2
CHEMBL47636,-7.8436,400.0,[H]N([H])C1=C([H])C([H])=C([H])C(N([H])C2=NC([H])=C([H])C(=N2)C2=C(N=C(S2)C([H])([H])[H])C([H])([H])[H])=C1[H],4
CHEMBL1083786,-9.55706,432.0,[H]N(C1=NC(=C([H])C([H])=N1)C1=C(N=C(S1)C([H])([H])[H])C([H])([H])[H])C1=C([H])C([H])=C(C([H])=C1[H])N1C([H])([H])C([H])([H])N(C(=O)C([H])([H])[H])C([H])([H])C1([H])[H],1
CHEMBL571056,-10.45985,450.0,[H]OC([H])([H])[C@@]([H])(N([H])C(=O)C1=C([H])C(=C([H])N1[H])C1=C(C([H])=NC(=N1)N([H])C1=C(C([H])=C([H])C([H])=C1[H])C([H])([H])C([H])([H])[H])C([H])([H])[H])C1=C([H])C(Cl)=C([H])C([H])=C1[H],4
CHEMBL385373,-9.81833,451.0,[H]N([H])C1=C(C([H])=NC(=N1)N([H])C1([H])C([H])([H])C([H])([H])N(C([H])([H])C1([H])[H])S(=O)(=O)C([H])([H])[H])C(=O)C1=C(OC([H])([H])[H])C([H])=C([H])C(Cl)=C1[H],4
CHEMBL1086088,-7.88872,463.0,[H]N(C1=NC([H])=C([H])C(=N1)C1=C(N=C(S1)N([H])C([H])([H])C([H])([H])[H])C([H])([H])[H])C1=C([H])C(OC([H])([H])[H])=C(OC([H])([H])[H])C(OC([H])([H])[H])=C1[H],3
CHEMBL214183,-10.08847,495.0,[H]N([H])C1=C(C([H])=NC(=N1)N([H])C1([H])C([H])([H])C([H])([H])N(C([H])([H])C1([H])[H])S(=O)(=O)C([H])([H])[H])C(=O)C1=C(OC([H])([H])[H])C(F)=C(F)C(F)=C1[H],2
CHEMBL189352,-8.9028,500.0,[H]N(C1=NC([H])=C([H])C(=N1)C1=C2C([H])=C([H])C(OC([H])([H])[H])=NN2N=C1[H])C1=C([H])C([H])=C(C#N)C([H])=C1[H],2
CHEMBL1682346,-9.71311,501.19,[H]N([H])C1=NN([H])C2=C([H])C([H])=C(C([H])=C12)C1=C([H])N(N=N1)C([H])([H])C1=C([H])C([H])=C([H])C([H])=C1[H],4
CHEMBL1991728,-4.91433,501.19,[H]N=C(N([H])[H])N([H])\N=C(\C1=C([H])C(=C([H])C(N([H])C(=O)N([H])C([H])([H])C([H])([H])C([H])([H])C([H])([H])C([H])([H])C([H])([H])N([H])C(=O)N([H])C2=C([H])C(=C([H])C(=C2[H])C(=N\N([H])C(=N[H])N([H])[H])\C([H])([H])[H])C(=N\N([H])C(=N[H])N([H])[H])\C([H])([H])[H])=C1[H])C(=N\N([H])C(=N[H])N([H])[H])\C([H])([H])[H])C([H])([H])[H],2
CHEMBL1980178,-9.63536,501.19,[H]N(C(=O)C([H])([H])[H])[C@]1([H])C([H])([H])C([H])([H])C([H])([H])[C@]([H])(N([H])C2=NC(=C([H])C(Cl)=N2)C2=C([H])N([H])C3=NC([H])=C([H])C([H])=C23)C1([H])[H],4
CHEMBL1967878,-9.91464,501.19,[H]N([H])C(=O)[C@@]1([H])[C@@]([H])(N([H])C2=C(F)C([H])=NC(=N2)N([H])C2=C([H])C(=C(C([H])=C2[H])N2C([H])([H])C([H])([H])N(C([H])([H])[H])C([H])([H])C2([H])[H])C([H])([H])[H])[C@@]2([H])C([H])=C([H])[C@]1([H])C2([H])[H],3
CHEMBL1985723,-8.1238,501.19,[H]N([H])C([H])([H])C(C([H])([H])[H])(C([H])([H])[H])C([H])([H])N([H])C1=NC(Cl)=C([H])C(=C1[H])C1=C([H])N([H])C2=NC([H])=C([H])C([H])=C12,0
CHEMBL1981047,-8.90321,501.19,[H]N(C(=O)C1=C([H])C([H])=C(C([H])=C1[H])N1C([H])([H])C([H])([H])N(C([H])([H])[H])C([H])([H])C1([H])[H])C1=NN([H])C2=C1C([H])([H])N(C(=O)[C@@]([H])(OC([H])([H])[H])C1=C([H])C([H])=C([H])C([H])=C1[H])C2([H])[H],4
CHEMBL1999556,-7.57853,501.19,[H]N([H])C(=O)C1=C([H])C2=C(C([H])=NC([H])=C2S1)C1=C([H])C([H])=C([H])C([H])=C1[H],1
CHEMBL1982711,-7.69523,501.19,[H]N([H])C(=O)C1=C([H])C([H])=C(C([H])=C1[H])C1=C([H])N([H])C2=NC([H])=C([H])C(Cl)=C12,1
CHEMBL1983855,-7.64486,501.19,[H]N(C([H])([H])[H])C([H])([H])C([H])([H])OC1=C([H])C(=C([H])N=C1[H])C1=C([H])C2=C(N([H])N=C2C([H])([H])[H])C([H])=C1[H],0
CHEMBL1964290,-8.71941,501.19,[H]N([H])C(=O)C1=C(N([H])C(=C1[H])C1=NC(=NC([H])=C1[H])N([H])[H])C1=C([H])C([H])=C([H])C(=C1C([H])([H])[H])C([H])([H])[H],1
CHEMBL2000832,-9.208,501.19,[H]OC1=C(OC([H])([H])[H])C([H])=C(C([H])=C1[H])C1=C([H])C2=C(C([H])=C1[H])C(=O)N([H])C1=C(N2[H])C([H])=C([H])C(=C1[H])C(=O)N([H])C([H])([H])C1=C([H])C(F)=C([H])C([H])=C1[H],2
CHEMBL1981511,-9.3304,501.19,[H]N1C2=C(N([H])C(=O)C3=C1C([H])=C(C([H])=C3[H])C1=C([H])C(=NC([H])=C1[H])C([H])([H])[H])C([H])=C([H])C([H])=C2[H],0
CHEMBL1974310,-7.84293,501.19,[H]N([H])C(=O)C1=C([H])C2=C(C([H])=NC([H])=C2S1)C1=C([H])C([H])=C(F)C([H])=C1[H],1
CHEMBL1990415,-8.91103,501.19,[H]N(C(=O)C1=C([H])C([H])=NC([H])=C1[H])C1=NN([H])C2=NC3=C([H])C([H])=C([H])C([H])=C3C([H])=C12,0
CHEMBL1987745,-9.34849,501.19,[H]N1C2=C(N([H])C(=O)C3=C1C([H])=C(C([H])=C3[H])C1=C(Cl)C([H])=NC([H])=C1[H])C([H])=C([H])C([H])=C2[H],2
CHEMBL336961,-8.10967,501.19,[H]N1C2=C(C([H])=C(Br)C([H])=C2[H])C2=C1C1=C(N([H])C(=O)C2([H])[H])C([H])=C([H])C([H])=N1,2
CHEMBL1998611,-6.93305,501.19,[H]N([H])C(=O)C1=C(N([H])[H])C2=C(Cl)C([H])=C([H])C(Br)=C2S1,3
CHEMBL1998826,-8.27231,501.19,[H]N1N=C(C2=C1C([H])=C([H])C(=C2[H])C1=C([H])N=C([H])C(OC([H])([H])C([H])([H])N(C([H])([H])[H])S(=O)(=O)C([H])([H])[H])=C1[H])C([H])([H])[H],4
CHEMBL1975440,-8.90121,501.19,[H]N([H])C(=O)C1=C([H])C([H])=C(N([H])C2=C3C(=NC([H])=N2)N([H])C([H])=C3C2=C([H])C([H])=C([H])C([H])=C2[H])C([H])=C1[H],0
CHEMBL5181384,-9.32813,520.0,[H]OC1=C([H])C([H])=C(\C([H])=C(/C#N)C(=O)N([H])C2=C([H])C([H])=C([H])C(=C2[H])C2=NN(C3=C2C(=O)N([H])C([H])=N3)C(C([H])([H])[H])(C([H])([H])[H])C([H])([H])[H])C([H])=C1[H],0
CHEMBL1084969,-9.48807,522.0,[H]N([H])C1=NC(=C(S1)C1=C([H])C([H])=NC(=N1)N([H])C1=C([H])C([H])=C(C([H])=C1[H])N1C([H])([H])C([H])([H])N(C(=O)C([H])([H])[H])C([H])([H])C1([H])[H])C([H])([H])[H],2
CHEMBL217443,-9.11284,597.0,[H]N([H])C1=C(C([H])=NC(=N1)N([H])C1([H])C([H])([H])C([H])([H])N(C(=O)OC([H])([H])C([H])([H])[H])C([H])([H])C1([H])[H])C(=O)C1=C(OC([H])([H])[H])C([H])=C([H])C([H])=C1[H],2
CHEMBL246970,-8.73939,630.96,[H]N([H])C([H])([H])[C@@]1([H])C([H])([H])C([H])([H])[C@]([H])(C([H])([H])N([H])C2=C(C([H])=NC(=N2)N([H])C([H])([H])C2=C(Cl)C([H])=C([H])C([H])=C2[H])[N+]([O-])=O)C([H])([H])C1([H])[H],0
CHEMBL1994830,-7.95333,630.96,[H]N([H])C1=NN=C(O1)C1=C([H])C2=C(OC3=C([H])C([H])=C(Cl)C([H])=C3[H])C([H])=NC([H])=C2S1,0
CHEMBL1682341,-9.46047,630.96,[H]N1N=C([H])C2=C1C([H])=C([H])C(=C2[H])N1N=NC(=C1[H])C([H])([H])C1=C([H])C([H])=C([H])C([H])=C1[H],1
CHEMBL1966040,-10.9122,630.96,[H]N(C1=NC([H])=NC(=C1[H])C1=C([H])N([H])C2=NC([H])=C([H])C([H])=C12)C([H])([H])C1=C([H])C([H])=C([H])C(=C1[H])C(F)(F)F,3
CHEMBL2003637,-9.15567,630.96,[H]C1=C([H])C(=C([H])C(=C1[H])C1=NN=C2C([H])=C([H])C(=NN12)N1C([H])([H])C([H])([H])C([H])([H])C([H])([H])C1([H])[H])[N+]([O-])=O,4
CHEMBL2000894,-9.09142,630.96,[H]OC1=C([H])C(=C(C([H])=C1[H])N1C([H])=C(C(=O)N([H])N([H])[H])C(=O)C2=C([H])C([H])=C(C([H])=C12)C1=C([H])C([H])=NC([H])=C1[H])C([H])([H])[H],1
CHEMBL1967564,-8.74376,630.96,[H]N(C(=O)C([H])([H])C([H])([H])C([H])([H])[H])C1=NN([H])C2=NC3=C([H])C([H])=C([H])C([H])=C3C([H])=C12,3
CHEMBL1986970,-8.49559,630.96,[H]N1N=C([H])C2=C1C([H])=C([H])C(=C2[H])C1=C(N(N=N1)C([H])([H])C1=C([H])C([H])=C([H])C([H])=C1[H])C(=O)N(C([H])([H])[H])C([H])([H])C([H])([H])OC([H])([H])[H],4
CHEMBL437747,-7.5887,630.96,[H]N(C1=NC([H])=C([H])C(=N1)C1=C(N=C(N1C([H])([H])C([H])([H])C([H])([H])[H])C1([H])C([H])([H])C([H])([H])N([H])C([H])([H])C1([H])[H])C1=C([H])C(Cl)=C(Cl)C([H])=C1[H])C1([H])C([H])([H])C([H])([H])C([H])([H])C([H])([H])C1([H])[H],3
CHEMBL1968070,-7.96005,630.96,[H]N([H])C(=O)C1=C2N([H])C3=C(C([H])=C(Cl)N=N3)C(=O)N([H])C2=C([H])C([H])=C1[H],4
CHEMBL1976936,-8.79134,630.96,[H]O[C@@]1([H])C([H])([H])C([H])([H])C([H])([H])[C@@]([H])(N([H])C2=NC(=NC(Cl)=C2[H])C2=C([H])N([H])C3=NC([H])=C([H])C([H])=C23)C1([H])[H],2
CHEMBL1979933,-8.7163,630.96,[H]OC(=O)C1=C(N([H])C2=NC(=NC([H])=N2)N([H])C2=C([H])C(F)=C([H])C([H])=C2[H])C([H])=C([H])C([H])=C1[H],1
CHEMBL1964399,-8.82407,630.96,[H]N(C1=C(N([H])[C@]([H])(C([H])([H])[H])C(C([H])([H])[H])(C([H])([H])[H])C([H])([H])[H])C(=O)C1=O)C1=C([H])C([H])=NC(=N1)N([H])C1=C([H])C(OC([H])([H])[H])=C(OC([H])([H])[H])C([H])=C1[H],2
CHEMBL1975500,-9.13244,630.96,[H]OC1=C(OC([H])([H])[H])C([H])=C(C([H])=C1[H])C1=C([H])C2=C(C([H])=C1[H])C(=O)N([H])C1=C(N2[H])C([H])=C([H])C(=C1[H])C(=O)N([H])C([H])([H])C([H])([H])N([H])C(=O)C([H])([H])[H],2
CHEMBL1969502,-9.22477,630.96,[H]N(C(=O)[C@]1([H])C([H])([H])[C@]1([H])C1=C([H])C([H])=C([H])C([H])=C1[H])C1=C([H])C2=C3C(N([H])C([H])=C3C([H])=NN([H])C2=O)=C1[H],4
CHEMBL2000071,-7.1917,630.96,[H]OC([H])([H])C([H])([H])C([H])([H])N([H])C1=C2C(=NC([H])=N1)N([H])C([H])=C2C1=C([H])C([H])=C([H])C([H])=C1[H],3
CHEMBL1682359,-8.76003,630.96,[H]N1N=C([H])C2=C1C([H])=C([H])C(=C2[H])C1=C([H])C(=NO1)C([H])([H])C([H])([H])C([H])([H])[H],0
CHEMBL2003229,-7.21789,630.96,[H]N([H])C1=NN([H])C2=C([H])C(=C([H])C(N(C([H])([H])[H])C([H])([H])[H])=C12)C1=C([H])C([H])=NC([H])=C1[H],0
CHEMBL568937,-11.18243,642.0,[H]OC([H])([H])[C@@]([H])(N([H])C(=O)C1=C([H])C(=C([H])N1[H])C1=C(C([H])=NC(=N1)N([H])C1=C2C(=C([H])C([H])=C1[H])C([H])([H])C([H])([H])C2([H])[H])C([H])([H])[H])C1=C([H])C(Cl)=C([H])C([H])=C1[H],3
CHEMBL44712,-7.9069,670.0,[H]N(C1=NC([H])=C([H])C(=N1)C1=C(N=C(S1)C([H])([H])[H])C([H])([H])[H])C1=C([H])C(Cl)=C([H])C([H])=C1[H],3
CHEMBL3099756,-9.45771,700.0,[H]OC(=O)C1=C([H])C(=NC2=C([H])C([H])=C(C([H])=C12)C1=C(Cl)C([H])=C([H])C([H])=C1[H])C(=O)N([H])[C@]([H])(C(=O)OC([H])([H])[H])C([H])([H])C1=C([H])C([H])=C(O[H])C([H])=C1[H],0
CHEMBL295398,-8.0374,700.0,[H]N([H])C1=NC(=C(S1)C1=C([H])C([H])=NC(=N1)N([H])C1=C([H])C([H])=C(C([H])=C1[H])N(C([H])([H])[H])C([H])([H])[H])C([H])([H])[H],2
CHEMBL187139,-9.80984,790.0,[H]N(C1=NC(=C([H])C([H])=N1)C1=C2C([H])=C([H])C(OC([H])([H])[H])=NN2N=C1[H])C1=C([H])C(OC([H])([H])[H])=C([H])C(=C1[H])C(F)(F)F,4
CHEMBL1970104,-10.44176,794.33,[H]N1N=C(C2=NC3=C(N2[H])C([H])=C(C([H])=C3[H])C(C([H])([H])[H])(C([H])([H])[H])C([H])([H])[H])C2=C([H])C([H])=C([H])C([H])=C12,3
CHEMBL1682357,-10.10038,794.33,[H]N1N=C([H])C2=C1C([H])=C([H])C(=C2[H])C1=C([H])C(=NO1)C([H])([H])C1=C([H])C([H])=C([H])C([H])=C1[H],2
CHEMBL2003271,-6.92591,794.33,[H]N([H])C(=O)C1=C(N([H])C(=O)C2=C([H])C([H])=C(Cl)C([H])=C2[H])C2=C(Cl)C(Cl)=C([H])C([H])=C2S1,3
CHEMBL220241,-9.31766,794.33,[H]N([H])C1=NON=C1C1=NC2=C([H])N=C(OC3=C([H])C(N([H])C(=O)C4=C([H])C([H])=C(OC([H])([H])C([H])([H])N5C([H])([H])C([H])([H])OC([H])([H])C5([H])[H])C([H])=C4[H])=C([H])C([H])=C3[H])C([H])=C2N1C([H])([H])C([H])([H])[H],3
CHEMBL210618,-8.23375,794.33,[H]N([H])C1=C([H])C(=NC(OC([H])([H])C([H])([H])[H])=C1C#N)N([H])C(=O)C([H])([H])C1=C(OC([H])([H])[H])C([H])=C([H])C(OC([H])([H])[H])=C1[H],1
CHEMBL513846,-8.66482,794.33,[H]OC1=C([H])C([H])=C(N([H])C2=NC(=C([H])S2)C2=C(N=C3C([H])=C([H])C([H])=C([H])N23)C([H])([H])[H])C([H])=C1[H],3
CHEMBL2007296,-9.21732,794.33,[H]N(C(=O)C1=C([H])C([H])=C(C([H])=C1[H])C1=C([H])C([H])=NC([H])=C1[H])[C@]([H])(C1=C([H])C([H])=C([H])C(OC([H])([H])C([H])([H])C([H])([H])[H])=C1[H])C([H])([H])[H],1
CHEMBL1995592,-8.38721,794.33,[H]OC1=C([H])C(=C(C([H])=C1[H])N1C2=NC(=NC(N([H])[H])=C2C(=O)C2=C([H])C([H])=C(Cl)C([H])=C12)N([H])[H])C([H])([H])[H],1
CHEMBL1983932,-8.2484,794.33,[H]N(C(=O)N([H])C1=C2C([H])=C([H])C(OC([H])([H])[H])=C([H])C2=NC([H])=C1[H])C1=NC(Br)=C([H])C([H])=C1[H],0
CHEMBL1983025,-6.92788,794.33,[H]N([H])C1=C2C(SC([H])=C2C2=C([H])C([H])=C(N([H])C(=O)N([H])C3=C([H])C(=C([H])C([H])=C3[H])C([H])([H])[H])C([H])=C2[H])=C(C#CC(N([H])[H])(C([H])([H])C([H])([H])[H])C([H])([H])C([H])([H])[H])C([H])=N1,1
CHEMBL2007002,-9.2902,794.33,[H]OC1=C(OC([H])([H])[H])C([H])=C(C([H])=C1[H])C1=C([H])C2=C(N([H])N=C2C(=O)N([H])C2=C([H])C([H])=C([H])C([H])=C2[H])C([H])=C1[H],3
CHEMBL1998121,-9.22484,794.33,[H]N([H])C([H])([H])C([H])([H])[C@]([H])(C(=O)N([H])C1=C([H])C2=C(N([H])N=C2[H])C([H])=C1[H])C1=C([H])C(Cl)=C(Cl)C([H])=C1[H],0
CHEMBL2003682,-10.54526,794.33,[H]N(C1=NC(=C([H])C(=O)N1[H])C1=C([H])C([H])=NC([H])=C1[H])C([H])([H])C1=C([H])C(F)=C([H])C(F)=C1[H],4
CHEMBL46429,-8.21348,800.0,[H]N(C1=NC(=C(S1)C1=NC(=NC([H])=C1[H])N([H])C1=C([H])C(=C([H])C([H])=C1[H])[N+]([O-])=O)C([H])([H])[H])C([H])([H])[H],3
CHEMBL583042,-10.51892,852.0,[H]OC([H])([H])[C@@]([H])(N([H])C(=O)C1=C([H])C(=C([H])N1[H])C1=C(C([H])=NC(=N1)N([H])C1=C(Cl)C([H])=C(F)C([H])=C1[H])C([H])([H])[H])C1=C([H])C(Cl)=C([H])C([H])=C1[H],1
CHEMBL384356,-9.20003,886.0,[H]N([H])C1=C(C([H])=NC(=N1)N([H])C1([H])C([H])([H])C([H])([H])N(C(=O)C([H])([H])C([H])([H])C([H])([H])[H])C([H])([H])C1([H])[H])C(=O)C1=C(OC([H])([H])[H])C([H])=C([H])C([H])=C1[H],2
CHEMBL3099754,-8.29131,900.0,[H]OC(=O)C1=C([H])C(=NC2=C([H])C([H])=C(C([H])=C12)C1=C([H])C([H])=C([H])S1)C(=O)N([H])[C@]([H])(C(=O)OC([H])([H])[H])C([H])([H])C1=C([H])C([H])=C(O[H])C([H])=C1[H],0
CHEMBL3099757,-9.21632,900.0,[H]OC(=O)C1=C([H])C(=NC2=C([H])C([H])=C(C([H])=C12)C1=C([H])C([H])=C(Cl)C([H])=C1[H])C(=O)N([H])[C@]([H])(C(=O)OC([H])([H])[H])C([H])([H])C1=C([H])C([H])=C(O[H])C([H])=C1[H],1
CHEMBL2002992,-8.54703,1000.0,[H]N([H])[C@]([H])(C([H])([H])[H])[C@@]1([H])C([H])([H])C([H])([H])[C@]([H])(C(=O)N([H])C2=C3C([H])=C([H])N([H])C3=NC([H])=C2[H])C([H])([H])C1([H])[H],4
CHEMBL1992740,-9.84492,1000.0,[H]N(C(=O)C([H])([H])C([H])([H])C([H])([H])N1C([H])([H])C([H])([H])N(C([H])([H])C([H])([H])[H])C([H])([H])C1([H])[H])C1=NN([H])C2=NN=C(C([H])=C12)C1=C(F)C(F)=C([H])C([H])=C1[H],0
CHEMBL1964777,-7.39559,1000.0,[H]N([H])C(=O)C1=C([H])C2=C(OC3=C([H])C(F)=C([H])C([H])=C3[H])C([H])=NC([H])=C2S1,2
CHEMBL1972362,-7.73338,1000.0,[H]N([H])C(=O)C1=C([H])C2=C(C([H])=NC([H])=C2S1)C1=C([H])C([H])=C(C([H])=C1[H])S(=O)(=O)C([H])([H])[H],1
CHEMBL116070,-7.42954,1000.0,[H]N([H])C(=O)C1=C([H])C2=C(OC3=C([H])C([H])=C(Br)C([H])=C3[H])C([H])=NC([H])=C2S1,0
CHEMBL1984274,-10.39516,1000.0,[H]N(\N=C1/C(=O)N(N=C1C1=C([H])C([H])=C([H])C([H])=C1[H])C1=C([H])C([H])=C([H])C([H])=C1[H])C1=C2C(=O)N([H])N([H])C(=O)C2=C([H])C([H])=C1[H],4
CHEMBL1992231,-8.68925,1000.0,[H]OC(=O)C1=C(N([H])C2=NC(=NC([H])=N2)N([H])C2=C([H])C([H])=C(F)C([H])=C2[H])C([H])=C([H])C([H])=C1[H],4
CHEMBL1994241,-8.41318,1000.0,[H]OC1=C(OC([H])([H])[H])C([H])=C(\C([H])=C(/C#N)C2=NC3=C([H])C([H])=C([H])C([H])=C3N2[H])C(Br)=C1[H],1
CHEMBL2006276,-8.25283,1000.0,[H]N(C1=C([H])C([H])=NC([H])=C1[H])C1=C([H])C2=C(C([H])=C1[H])C(=O)N([H])C1=C([H])C([H])=C([H])C(OC([H])([H])[H])=C1N2[H],3
CHEMBL1989136,-8.86226,1000.0,[H]N1C2=C(N([H])C(=O)C3=C1C([H])=C(C([H])=C3[H])C1=C([H])C([H])=NC([H])=C1[H])C([H])=C([H])C([H])=C2[H],1
CHEMBL1993166,-4.13538,1000.0,[H]N=C(N([H])[H])N([H])\N=C(\C1=C([H])C(=C([H])C(N([H])C(=O)N([H])C([H])([H])C([H])([H])C([H])([H])N(C([H])([H])[H])C([H])([H])C([H])([H])C([H])([H])N([H])C(=O)N([H])C2=C([H])C(=C([H])C(=C2[H])C(=N\N([H])C(=N[H])N([H])[H])\C([H])([H])[H])C(=N\N([H])C(=N[H])N([H])[H])\C([H])([H])[H])=C1[H])C(=N\N([H])C(=N[H])N([H])[H])\C([H])([H])[H])C([H])([H])[H],0
CHEMBL1969664,-8.77533,1000.0,[H]OC1=C(C2=C([H])C(C#N)=C([H])C([H])=C2N1[H])C1=NC([H])=C(C([H])=C1[H])C([H])([H])N1C([H])([H])C([H])([H])OC([H])([H])C1([H])[H],0
CHEMBL1990541,-7.72502,1000.0,[H]N(C(=O)C1([H])C(C([H])([H])[H])(C([H])([H])[H])C1(C([H])([H])[H])C([H])([H])[H])C1=C(C(=O)OC([H])([H])C([H])([H])[H])C2=C([H])C([H])=NC([H])=C2S1,1
CHEMBL1977814,-7.2455,1000.0,[H]C1=C(Cl)C([H])=C2C(=O)C3=C(N(N=C3C([H])([H])[H])C([H])([H])[H])N(OC([H])([H])C([H])(C([H])([H])[H])C([H])([H])[H])C2=C1[H],1
CHEMBL1994538,-8.79202,1000.0,[H]N(C(=O)N([H])C1=C([H])C([H])=NC2=C(C([H])=C([H])C([H])=C12)C(F)(F)F)C1=NC([H])=C([H])N=C1[H],4
CHEMBL1682360,-9.37145,1000.0,[H]N1N=C([H])C2=C1C([H])=C([H])C(=C2[H])C1=C([H])C(=NO1)C([H])([H])N1C([H])([H])C([H])([H])C([H])([H])C([H])([H])C1([H])[H],3
CHEMBL1996791,-6.92862,1000.0,[H]O[C@@]1([H])C([H])([H])C([H])([H])[C@]([H])(N2N=C(I)C3=C(N=C([H])N=C23)N([H])[H])C([H])([H])C1([H])[H],2
CHEMBL1966069,-9.87678,1000.0,[H]N1N=C([H])C2=C1C([H])=C([H])C(=C2[H])N1N=NC(=C1[H])C([H])([H])N1N=NC2=C([H])C([H])=C([H])C([H])=C12,0
CHEMBL1996447,-7.69688,1000.0,[H]N([H])C1=NN([H])C2=C([H])C(=C([H])C(OC([H])([H])C([H])([H])C([H])([H])C([H])([H])[H])=C12)C1=C([H])C([H])=NC([H])=C1[H],4
CHEMBL1085626,-9.08688,1039.0,[H]N(C1=NC([H])=C([H])C(=N1)C1=C(N=C(S1)C([H])([H])[H])C([H])([H])[H])C1=C([H])C([H])=C(C([H])=C1[H])N1C([H])([H])C([H])([H])OC([H])([H])C1([H])[H],3
CHEMBL470780,-8.25906,1100.0,[H]N(C1=NC([H])=C([H])C(=N1)C1=NC([H])=C(S1)C([H])([H])[H])C1=C([H])C(=C([H])C(=C1[H])C([H])([H])[H])C([H])([H])[H],0
CHEMBL570367,-10.70679,1100.0,[H]OC([H])([H])[C@]([H])(N([H])C(=O)C1=C([H])C(=C([H])N1[H])C1=C(C([H])=NC(=N1)N([H])C1=C([H])C([H])=C([H])C([H])=C1[H])C([H])([H])[H])C1=C([H])C([H])=C([H])C([H])=C1[H],3
CHEMBL2064562,-9.03081,1160.0,[H]N(C(=O)C1=C([H])C([H])=C(F)C([H])=C1[H])C1=NN([H])C2=C1C([H])([H])N(C(=O)O[C@@]([H])(C1=C([H])C([H])=C([H])C([H])=C1[H])C([H])([H])N(C([H])([H])[H])C([H])([H])[H])C2(C([H])([H])[H])C([H])([H])[H],1
CHEMBL297447,-7.80844,1200.0,[H]N(C1=NC([H])=C([H])C(=N1)C1=C(N=C(S1)C([H])([H])[H])C([H])([H])[H])C1=C(F)C([H])=C([H])C([H])=C1[H],0
CHEMBL3401987,-9.5334,1200.0,[H]O[C@]([H])(C([H])([H])[H])[C@]1([H])[C@@]([H])(N([H])C2=C(F)C([H])=NC(=N2)C2=C([H])N([H])C3=NC([H])=C(F)C([H])=C23)[C@@]2([H])C([H])([H])C([H])([H])[C@]1([H])C([H])([H])C2([H])[H],3
CHEMBL269881,-7.90839,1200.0,[H]N([H])C1=NC2=C(N=C([H])N2[H])C(OC([H])([H])C2([H])C([H])([H])C([H])([H])C([H])([H])C([H])([H])C2([H])[H])=N1,0
CHEMBL1998470,-8.36368,1258.93,[H]N(C(=O)C([H])([H])C([H])([H])C([H])([H])[H])C1=NC(Cl)=C([H])C(=C1[H])C1=C([H])N([H])C2=NC([H])=C([H])C([H])=C12,1
CHEMBL41783,-8.27389,1258.93,[H]N(C(=O)C([H])([H])C([H])([H])C([H])([H])N(C([H])([H])[H])C([H])([H])[H])C1=NN([H])C2=NN=C(C([H])=C12)C1=C(F)C(F)=C([H])C([H])=C1[H],1
CHEMBL1992937,-9.46152,1258.93,[H]N(C1=NC2=C([H])C([H])=C(C([H])=C2N1[H])[N+]([O-])=O)C1=NC([H])=C(C([H])=C1[H])C([H])([H])[H],0
CHEMBL1971951,-7.75296,1258.93,[H]N([H])C(=O)C1=C(C([H])=C(C([H])=C1[H])C1=NC(=NC([H])=C1[H])N([H])[H])N1C([H])([H])C([H])([H])C([H])([H])C([H])([H])C1([H])[H],0
CHEMBL210032,-7.35067,1258.93,[H]N([H])C1=C([H])C(=NC(=C1C#N)C1=C([H])C([H])=C([H])C([H])=C1[H])N([H])C(=O)C([H])([H])[H],2
CHEMBL1968705,-10.09987,1258.93,[H]N(C(=O)C([H])([H])C([H])([H])C([H])([H])[H])C1=C([H])C(=C([H])C([H])=C1[H])C1=NC2=C([H])C([H])=C(OC([H])([H])C([H])([H])N3C([H])([H])C([H])([H])C([H])([H])C3([H])[H])C([H])=C2C(=N1)N([H])C1=C([H])C2=C(N([H])N=C2[H])C([H])=C1[H],1
CHEMBL1966425,-9.80129,1258.93,[H]N(C1=NC2=C([H])C([H])=C([H])C([H])=C2O1)C1=C([H])C([H])=C(C([H])=C1[H])C1=C2C(=C([H])C(OC([H])([H])C([H])([H])C([H])([H])N(C([H])([H])[H])C([H])([H])[H])=C1[H])C(=O)N([H])C2([H])[H],2
CHEMBL1988608,-9.31085,1258.93,[H]N(C(=O)C([H])([H])[H])C1=C([H])C(=C([H])C([H])=C1[H])C([H])([H])N([H])C1=C(N([H])C2=C([H])C3=C(N([H])N=C3[H])C([H])=C2[H])C(=O)C1=O,3
CHEMBL1975138,-9.06969,1258.93,[H]OC(C(=O)N([H])N([H])C(=S)N([H])C1=C([H])C([H])=C(F)C([H])=C1[H])(C1=C([H])C([H])=C([H])C([H])=C1[H])C1=C([H])C([H])=C([H])C([H])=C1[H],1
CHEMBL2002407,-6.61424,1258.93,[H]OC1=C(OC([H])([H])[H])C([H])=C(\C([H])=C(/C#N)C2=NN([H])C(N([H])[H])=C2C#N)C([H])=C1[H],3
CHEMBL1976134,-8.51298,1258.93,[H]N1N=C([H])C2=C1C([H])=C(C([H])=C2[H])C1=C([H])N=C2N([H])C([H])=C([H])C2=C1[H],0
CHEMBL1993648,-7.72511,1258.93,[H]N1C([H])=C(C2=C([H])C([H])=C([H])N=C12)C1=C([H])C([H])=C([H])C(F)=C1[H],0
CHEMBL1969042,-9.62679,1258.93,[H]OC1=C([H])C([H])=C(N([H])C2=C(C(=NN2[H])C2=C([H])C([H])=C(O[H])C([H])=C2[H])C2=C([H])C([H])=C(O[H])C([H])=C2[H])C([H])=C1[H],3
CHEMBL1682552,-8.6557,1258.93,[H]N(C1=C(N=C2N=C([H])C([H])=C([H])N12)C1=C([H])C2=C(N([H])N=C2[H])C([H])=C1[H])C1([H])C([H])([H])C([H])([H])C([H])([H])C([H])([H])C1([H])[H],4
CHEMBL1682540,-8.29822,1258.93,[H]N1N=C([H])C2=C([H])C(=C([H])C([H])=C12)C1=C([H])N2C([H])=C([H])C([H])=NC2=N1,1
CHEMBL1965702,-9.03902,1258.93,[H]N(C1=NC(=C([H])C(Cl)=N1)C1=C([H])N([H])C2=NC([H])=C([H])C([H])=C12)[C@]1([H])C([H])([H])C([H])([H])C([H])([H])[C@]([H])(N(C([H])([H])[H])C([H])([H])[H])C1([H])[H],2
CHEMBL187287,-9.9772,1260.0,[H]N(C1=NC([H])=C([H])C(=N1)C1=C2C([H])=C([H])C(OC([H])([H])C([H])([H])C([H])([H])[H])=NN2N=C1[H])C1=C([H])C(=C([H])C([H])=C1[H])C(F)(F)F,2
CHEMBL303958,-7.35075,1300.0,[H]N([H])C1=NC(OC([H])([H])C2([H])C([H])([H])C([H])([H])C([H])([H])C([H])([H])C2([H])[H])=C(N=O)C(=N1)N([H])[H],1
CHEMBL5174075,-9.22005,1310.0,[H]N(C(=O)C(\C#N)=C(/[H])C1=C(Br)C([H])=C([H])C([H])=C1[H])C1=C([H])C([H])=C([H])C(=C1[H])C1=NN(C2=C1C(=O)N([H])C([H])=N2)C(C([H])([H])[H])(C([H])([H])[H])C([H])([H])[H],2
CHEMBL5207329,-9.30856,1400.0,[H]OC(=O)C1=C([H])C([H])=C(\C([H])=C(/C#N)C(=O)N([H])C2=C([H])C([H])=C([H])C(=C2[H])C2=NN(C3=C2C(=O)N([H])C([H])=N3)C(C([H])([H])[H])(C([H])([H])[H])C([H])([H])[H])C([H])=C1[H],2
CHEMBL485730,-8.91918,1500.0,[H]OC1=C([H])C(N([H])C2=NC([H])=C([H])C(=N2)C2=NC(=C([H])S2)C([H])([H])O[H])=C([H])C(=C1[H])C(F)(F)F,3
CHEMBL485731,-9.06478,1500.0,[H]OC([H])([H])C1=C([H])SC(=N1)C1=C([H])C([H])=NC(=N1)N([H])C1=C([H])C(=C([H])C(=C1[H])C(F)(F)F)C([H])([H])[H],3
CHEMBL2000104,-8.02647,1584.89,[H]N([H])C(=O)C1=C([H])C2=C(C([H])=NC([H])=C2S1)C1=C([H])C([H])=C(C([H])=C1[H])S(=O)(=O)C([H])([H])C([H])([H])[H],2
CHEMBL412142,-8.88251,1584.89,[H]N(C1=NC(=C(C([H])=N1)C1=NC([H])=C(N1[H])C([H])([H])[H])C1=C(Cl)C([H])=C(Cl)C([H])=C1[H])C([H])([H])C([H])([H])N([H])C1=NC([H])=C(C#N)C([H])=C1[H],3
CHEMBL260135,-7.64365,1584.89,[H]N([H])C1=NN([H])C2=NN=C(C3=C([H])C([H])=C([H])C([H])=C3[H])C(=C12)C1=C([H])C([H])=C([H])C([H])=C1[H],0
CHEMBL1997349,-7.55267,1584.89,[H]OC1=C(\C([H])=C2\C(=O)N(N=C2C([H])([H])[H])C2=C([H])C(Cl)=C(Cl)C([H])=C2[H])C(=C(C#N)C2=NC3=C([H])C([H])=C([H])C([H])=C3N12)C([H])([H])[H],1
CHEMBL1976090,-6.42082,1584.89,[H]N([H])C1=C2SC3=NC([H])=NC(N([H])[H])=C3C2=NC([H])=N1,1
CHEMBL86066,-7.37174,1584.89,[H]OC([H])([H])C([H])([H])N([H])C1=NC(N([H])C([H])([H])C2=C([H])C([H])=C([H])C([H])=C2[H])=C2N=C([H])N(C2=N1)C([H])(C([H])([H])[H])C([H])([H])[H],2
CHEMBL1988153,-8.96289,1584.89,[H]C1=C(SC2=C([H])N=C([H])C(OC3=C([H])C([H])=C(C([H])=C3[H])C(F)(F)F)=C12)C1=NN=C(O1)C([H])([H])[H],2
CHEMBL1964937,-9.37759,1584.89,[H]OC([H])([H])[C@]([H])(N([H])C(=O)N1C([H])([H])C([H])=C(C2=C([H])N([H])C3=NC([H])=C([H])C([H])=C23)C([H])([H])C1([H])[H])C1=C([H])C([H])=C([H])C([H])=C1[H],3
CHEMBL1975256,-8.9013,1584.89,[H]N([H])C1=NON=C1N1N=NC(C(=O)N([H])\N=C(/[H])C2=C([H])C([H])=C([H])S2)=C1C1=C([H])C([H])=C([H])S1,4
CHEMBL1965495,-7.29217,1584.89,[H]N1N=C(C2=C(C(C#N)=C([H])N=C12)C1=C([H])C([H])=C([H])C([H])=C1[H])C([H])([H])[H],2
CHEMBL1997129,-9.81194,1584.89,[H]N1C(=C([H])C2=C1C([H])([H])C([H])([H])N([H])C2=O)C1=C([H])C(=NC([H])=C1[H])C(\[H])=C(/[H])C1=C([H])C([H])=C([H])C([H])=C1[H],3
CHEMBL5190359,-9.45706,1640.0,[H]N(C(=O)C(\C#N)=C(/[H])C1=C([H])C(=C([H])C(=C1[H])[N+]([O-])=O)[N+]([O-])=O)C1=C([H])C([H])=C([H])C(=C1[H])C1=NN(C2=C1C(=O)N([H])C([H])=N2)C(C([H])([H])[H])(C([H])([H])[H])C([H])([H])[H],3
CHEMBL470175,-8.51631,1652.0,[H]OC1=C([H])C(=C([H])C(N([H])C2=NC(=C([H])C([H])=N2)C2=NC([H])=C([H])S2)=C1[H])C(F)(F)F,3
CHEMBL385907,-9.56496,1756.0,[H]N([H])C1=C(C([H])=NC(=N1)N([H])C1([H])C([H])([H])C([H])([H])N(C(=O)N([H])C([H])([H])C([H])([H])[H])C([H])([H])C1([H])[H])C(=O)C1=C(OC([H])([H])[H])C([H])=C([H])C([H])=C1[H],3
CHEMBL2064558,-9.37106,1800.0,[H]N(C(=O)C1=C([H])C([H])=C([H])C([H])=C1[H])C1=NN([H])C2=C1C([H])([H])N(C(=O)N([H])[C@@]([H])(C1=C([H])C([H])=C([H])C([H])=C1[H])C([H])([H])N(C([H])([H])[H])C([H])([H])[H])C2(C([H])([H])[H])C([H])([H])[H],2
CHEMBL5178569,-9.34729,1950.0,[H]N(C(=O)C(\C#N)=C(/[H])C1=C([H])C([H])=C(C([H])=C1[H])[N+]([O-])=O)C1=C([H])C([H])=C([H])C(=C1[H])C1=NN(C2=C1C(=O)N([H])C([H])=N2)C(C([H])([H])[H])(C([H])([H])[H])C([H])([H])[H],4
CHEMBL183993,-9.82474,1990.0,[H]N(C1=NC([H])=C([H])C(=N1)C1=C2C([H])=C([H])C(OC([H])([H])C([H])([H])[H])=NN2N=C1[H])C1=C([H])C(=C([H])C([H])=C1[H])C(F)(F)F,0
CHEMBL226232,-8.22669,1995.26,[H]N1C(=C([H])C2=C1C([H])([H])C([H])([H])N([H])C2=O)C1=C([H])C(Cl)=NC([H])=C1[H],3
CHEMBL1993722,-11.56922,1995.26,[H]OC(=O)C1=C([H])C(N([H])C(=O)N([H])C2=C([H])C([H])=C(C([H])=C2[H])C2=C3C(=NN([H])C3=C([H])C([H])=C2[H])N([H])[H])=C(F)C([H])=C1[H],3
CHEMBL1970217,-9.79444,1995.26,[H]N(C(=O)C1=C([H])C([H])=C(C([H])=C1[H])C1=C(C([H])=NC([H])=C1[H])C([H])([H])[H])[C@@]([H])(C1=C([H])C([H])=C([H])C(OC([H])([H])[H])=C1[H])C([H])([H])[H],3
CHEMBL1969843,-9.14271,1995.26,[H]N1N=C([H])C2=C1C([H])=C([H])C(=C2[H])C1=C([H])N(N=N1)C([H])([H])C1([H])C([H])([H])C([H])([H])OC([H])([H])C1([H])[H],0
CHEMBL1988537,-7.33689,1995.26,[H]C1=C([H])C2=C(C([H])=C1[H])N(C(=O)C1=C([H])C([H])=C(OC([H])([H])[H])C([H])=C1[H])C1=C(S2)C(Cl)=C([H])N=C1[H],1
CHEMBL458997,-9.71336,1995.26,[H]N(C(=O)C1=C(N([H])C2=C(Cl)C([H])=NC(=N2)N([H])C2=C(OC([H])([H])[H])C([H])=C(C([H])=C2[H])N2C([H])([H])C([H])([H])OC([H])([H])C2([H])[H])C([H])=C([H])C([H])=C1[H])C([H])([H])[H],2
CHEMBL1985654,-7.0464,1995.26,[H]N1C([H])=C(C2=C([H])C([H])=C([H])N=C12)C1=C([H])C(=NC(Cl)=C1[H])N(C([H])([H])C([H])([H])OC([H])([H])[H])C([H])([H])C([H])([H])OC([H])([H])[H],0
CHEMBL340921,-8.60176,1995.26,[H]OC1=C([H])C(=C(C([H])=C1[H])N1C([H])=C(C(=O)N([H])[H])C(=O)C2=C([H])C([H])=C(C([H])=C12)C1=C([H])C([H])=NC([H])=C1[H])C([H])([H])[H],2
CHEMBL1965131,-7.17125,1995.26,[H]N([H])C(=O)C1=C(N([H])C(=O)C2=C([H])C([H])=C(C([H])=C2[H])C([H])([H])[H])C2=C(Cl)C(Cl)=C([H])C([H])=C2S1,0
CHEMBL249697,-7.4036,1995.26,[H]N([H])C([H])([H])C([H])([H])N([H])C1=NC2=C([H])C([H])=C(C([H])=C2N2C1=NC([H])=C2C([H])([H])[H])C([H])([H])[H],1
CHEMBL1991180,-7.98859,1995.26,[H]OC1=C([H])C(O[H])=C(C([H])=C1[H])C(=N\N([H])C(=O)C1=C(N=NN1C1=NON=C1N([H])[H])C([H])([H])OC([H])([H])[H])\C([H])([H])[H],3
CHEMBL1973142,-6.26234,1995.26,[H]N([H])C(=O)C1=C(N([H])C(=O)C([H])([H])[H])C2=C(Cl)C(Cl)=C([H])C([H])=C2S1,3
CHEMBL1995712,-9.33247,1995.26,[H]N(C(=O)C([H])([H])N(C([H])([H])[H])C([H])([H])[H])[C@]1([H])C([H])([H])C([H])([H])C([H])([H])[C@]([H])(N([H])C2=NC(=C([H])C(Cl)=N2)C2=C([H])N([H])C3=NC([H])=C([H])C([H])=C23)C1([H])[H],2
CHEMBL1966703,-8.3696,1995.26,[H]N1N=C(C2=C1N([H])C1=C(C(=O)C([H])([H])C(C([H])([H])[H])(C([H])([H])[H])C1([H])[H])[C@@]2([H])C1=C(F)C([H])=C([H])C([H])=C1[H])C([H])([H])[H],2
CHEMBL2003817,-8.42571,1995.26,[H]N(C(=O)N([H])C1=C2C([H])=C([H])C(=C([H])C2=NC([H])=C1[H])C(F)(F)F)C1=NC([H])=C([H])N=C1[H],1
CHEMBL1982122,-9.09262,1995.26,[H]OC([H])([H])C([H])([H])[C@]([H])(N([H])C1=NC2=C([H])C([H])=C(C([H])=C2S1)C1=C([H])C([H])=NC([H])=C1[H])C1=C([H])C([H])=C([H])C([H])=C1[H],1
CHEMBL2004934,-8.92076,1995.26,[H]N(C(=O)C1=C([H])C(F)=C(C([H])=C1[H])C1=C([H])C([H])=NC([H])=C1[H])[C@]([H])(C1=C([H])C([H])=C([H])C(OC([H])([H])[H])=C1[H])C([H])([H])[H],4
CHEMBL1975490,-9.52671,1995.26,[H]N([H])C([H])([H])C([H])([H])C([H])([H])OC1=C([H])C(=C2C(=C1[H])C(=O)N([H])C2([H])[H])C1=C([H])C([H])=C(N([H])C2=NC3=C([H])C([H])=C([H])C([H])=C3O2)C([H])=C1[H],1
CHEMBL1980497,-9.67354,1995.26,[H]N1C2=C(N([H])C(=O)C3=C1C([H])=C(C([H])=C3[H])C1=C(C([H])=C([H])C([H])=C1[H])N(C([H])([H])[H])S(=O)(=O)C([H])([H])[H])C([H])=C([H])C([H])=C2[H],2
CHEMBL2064561,-9.82945,2000.0,[H]N(C(=O)C1=C([H])C([H])=C([H])C([H])=C1[H])C1=NN([H])C2=C1C([H])([H])N(C(=O)O[C@@]([H])(C1=C([H])C([H])=C([H])C([H])=C1[H])C([H])([H])N(C([H])([H])[H])C([H])([H])[H])C2(C([H])([H])[H])C([H])([H])[H],4
CHEMBL396377,-7.59728,2000.0,[H]N([H])C1=NC(=O)\C(S1)=C(/[H])C1=C([H])C2=C([H])C([H])=C([H])N=C2C([H])=C1[H],3
CHEMBL216148,-9.43681,2030.0,[H]N([H])C1=C(C([H])=NC(=N1)N([H])C1([H])C([H])([H])C([H])([H])N(C(=O)C([H])([H])[H])C([H])([H])C1([H])[H])C(=O)C1=C(OC([H])([H])C([H])([H])[H])C([H])=C([H])C([H])=C1[H],3
CHEMBL214433,-9.31642,2166.0,[H]N([H])C1=C(C([H])=NC(=N1)N([H])C1([H])C([H])([H])C([H])([H])N(C(=O)OC([H])([H])C([H])([H])[H])C([H])([H])C1([H])[H])C(=O)C1=C(C([H])=C([H])C([H])=C1[H])C([H])([H])[H],1
CHEMBL5174224,-10.1926,2200.0,[H]N(C(=O)C(\C#N)=C(/[H])C1=C([H])C([H])=C([H])C([H])=C1[H])C1=C([H])C([H])=C([H])C(=C1[H])C1=NN(C2=C1C(=O)N([H])C([H])=N2)C(C([H])([H])[H])(C([H])([H])[H])C([H])([H])[H],3
CHEMBL511811,-8.2778,2400.0,[H]OC([H])([H])C1=C([H])SC(=N1)C1=C([H])C([H])=NC(=N1)N([H])C1=C([H])C(=C([H])C(=C1[H])C([H])([H])[H])C([H])([H])[H],2
CHEMBL101801,-9.2117,2400.0,[H]N([H])C(=O)C1=C([H])C([H])=C(N([H])C2=NC(OC([H])([H])C3([H])C([H])([H])C([H])([H])C([H])([H])C([H])([H])C3([H])[H])=C(N=O)C(=N2)N([H])[H])C([H])=C1[H],4
CHEMBL471819,-7.29788,2452.0,[H]N(C1=NC(=C([H])C([H])=N1)C1=NC([H])=C([H])S1)C1=C([H])C([H])=C([H])C(=C1[H])C([H])([H])[H],4
CHEMBL5178045,-9.27797,2460.0,[H]N(C(=O)C(\C#N)=C(/[H])C1=C([H])C(=C([H])C([H])=C1[H])[N+]([O-])=O)C1=C([H])C([H])=C([H])C(=C1[H])C1=NN(C2=C1C(=O)N([H])C([H])=N2)C(C([H])([H])[H])(C([H])([H])[H])C([H])([H])[H],3
CHEMBL3099748,-9.46419,2500.0,[H]OC(=O)C1=C([H])C(=NC2=C([H])C([H])=C(C([H])=C12)C1=C([H])C(=C([H])C([H])=C1[H])C(F)(F)F)C(=O)N([H])[C@]([H])(C([H])([H])[H])C([H])([H])C1=C([H])C([H])=C(O[H])C([H])=C1[H],2
CHEMBL45001,-7.86371,2500.0,[H]N(C1=NC([H])=C([H])C(=N1)C1=C(N=C(S1)C([H])([H])[H])C([H])([H])[H])C1=C([H])C([H])=C(Cl)C([H])=C1[H],2
CHEMBL189415,-10.73044,2500.0,[H]N(C1=NC(=C([H])C([H])=N1)C1=C2C([H])=C([H])C(=NN2N=C1[H])C1=C([H])C([H])=C([H])C([H])=C1[H])C1=C([H])C([H])=C([H])C(=C1[H])C(F)(F)F,2
CHEMBL3099743,-9.53392,2500.0,[H]OC(=O)C1=C([H])C(=NC2=C([H])C([H])=C(C([H])=C12)C1=C([H])C(=C([H])C([H])=C1[H])C(F)(F)F)C(=O)N([H])[C@]([H])(C(=O)OC([H])([H])[H])C([H])([H])C1=C([H])C([H])=C(F)C([H])=C1[H],2
CHEMBL1987679,-10.37565,2511.89,[H]N([H])[C@@]([H])(C([H])([H])OC1=C([H])C(=C([H])N=C1[H])C1=C([H])C2=C(N([H])C(=O)O2)C([H])=C1[H])C([H])([H])C1=C([H])N([H])C2=C([H])C([H])=C([H])C([H])=C12,2
CHEMBL1966722,-9.14391,2511.89,[H]OC(C(=O)N([H])N([H])C(=S)N([H])C1=C([H])C([H])=C(Cl)C([H])=C1[H])(C1=C([H])C([H])=C([H])C([H])=C1[H])C1=C([H])C([H])=C([H])C([H])=C1[H],0
CHEMBL2000481,-9.14278,2511.89,[H]N([H])C([H])([H])C([H])([H])N([H])S(=O)(=O)C1=C([H])C(=C([H])C([H])=C1[H])C(=O)N([H])C1=C([H])C([H])=C(C([H])=C1[H])C1=NN([H])C(=O)C2=C([H])C([H])=C([H])C([H])=C12,1
CHEMBL1964307,-9.7701,2511.89,[H]N([H])C1=NN([H])C2=C([H])C([H])=C([H])C(=C12)C1=C([H])C([H])=C(C([H])=C1[H])C([H])([H])C(=O)N([H])C1=C([H])C([H])=C([H])C(=C1[H])C([H])([H])[H],0
CHEMBL1975121,-8.70687,2511.89,[H]N(C(=O)C1=C([H])C([H])=C(C([H])=C1[H])C1=C([H])C([H])=NC([H])=C1[H])[C@]([H])(C1=C([H])C([H])=C([H])C(OC([H])([H])[H])=C1[H])C([H])([H])[H],4
CHEMBL1082440,-7.99995,2511.89,[H]N1C([H])([H])C([H])([H])C([H])([H])N([C@@]([H])(C([H])([H])[H])C1([H])[H])S(=O)(=O)C1=C2C(C([H])=NC([H])=C2C([H])([H])[H])=C([H])C([H])=C1[H],2
CHEMBL1976240,-8.82354,2511.89,[H]N([H])C([H])([H])[C@]([H])(N([H])C(=O)C1=C([H])C([H])=C(C([H])=C1[H])C1=C([H])C([H])=NC([H])=C1[H])C1=C([H])C([H])=C([H])C(OC([H])([H])[H])=C1[H],0
CHEMBL1965988,-6.64774,2511.89,[H]N([H])C1=C2C(SC([H])=C2C2=C([H])C([H])=C(N([H])C(=O)N([H])C3=C([H])C([H])=C([H])C(=C3[H])C([H])([H])[H])C([H])=C2[H])=C(C#CC([H])([H])N([H])[H])C([H])=N1,0
CHEMBL1971801,-7.43357,2511.89,[H]N1C2=C(C([H])=C([H])N=N2)C(=O)N([H])C2=C1C([H])=C([H])C([H])=C2[H],2
CHEMBL1964644,-7.33839,2511.89,[H]N(C(=O)N([H])C([H])([H])C1=C([H])C([H])=C([H])C([H])=C1[H])C1=NC([H])=C(S1)[N+]([O-])=O,1
CHEMBL5179335,-9.14577,2570.0,[H]N(C(=O)C(\C#N)=C(/[H])C(C([H])([H])[H])(C([H])([H])[H])C([H])([H])[H])C1=C([H])C(=C([H])C([H])=C1[H])C1=NN(C2=C1C(=O)N([H])C([H])=N2)C(C([H])([H])[H])(C([H])([H])[H])C([H])([H])[H],4
CHEMBL3099760,-7.90638,2800.0,[H]OC(=O)C1=C([H])C(=NC2=C([H])C([H])=C(C([H])=C12)N1C([H])([H])C([H])([H])OC([H])([H])C1([H])[H])C(=O)N([H])[C@]([H])(C(=O)OC([H])([H])[H])C([H])([H])C1=C([H])C([H])=C(O[H])C([H])=C1[H],0
CHEMBL5171425,-9.09801,2870.0,[H]N(C(=O)C(\C#N)=C(/[H])C1=C([H])C([H])=C(F)C([H])=C1[H])C1=C([H])C([H])=C([H])C(=C1[H])C1=NN(C2=C1C(=O)N([H])C([H])=N2)C(C([H])([H])[H])(C([H])([H])[H])C([H])([H])[H],1
CHEMBL494221,-9.76928,3100.0,[H]O[C@@]1([H])C([H])([H])C([H])([H])[C@]([H])(N([H])C2=NN3C(=NN=C3C3=C([H])C(=C([H])C([H])=C3[H])C(F)(F)F)C([H])=C2[H])C([H])([H])C1([H])[H],4
CHEMBL5196147,-8.42947,3100.0,[H]N(C(=O)C(\C#N)=C(/[H])C1=C([H])C(Cl)=C([H])C([H])=C1[H])C1=C([H])C([H])=C([H])C(=C1[H])C1=NN(C2=C1C(=O)N([H])C([H])=N2)C(C([H])([H])[H])(C([H])([H])[H])C([H])([H])[H],4
CHEMBL214025,-9.23721,3137.0,[H]N([H])C1=C(C([H])=NC(=N1)N([H])C1([H])C([H])([H])C([H])([H])N(C(=O)OC([H])([H])C([H])([H])[H])C([H])([H])C1([H])[H])C(=O)C1=C(F)C([H])=C([H])C([H])=C1[H],0
CHEMBL207995,-7.33222,3162.28,[H]N(C(=O)N([H])C1=C(OC([H])([H])[H])C([H])=C(C([H])=O)C(Cl)=C1[H])C1=NC([H])=C(N=C1[H])C#N,4
CHEMBL2000114,-5.76254,3162.28,[H]OC([H])([H])C([H])([H])C([H])([H])N([H])C1=C2C(SC([H])([H])[H])=C([H])N([H])C2=NC([H])=N1,1
CHEMBL1992342,-7.98809,3162.28,[H]N([H])C1=NN([H])C2=C1C([H])=C(C([H])=C2[H])C1=C([H])C([H])=C(N([H])S(=O)(=O)C([H])([H])C([H])([H])C([H])([H])[H])C([H])=C1[H],4
CHEMBL2004892,-8.02148,3162.28,[H]N([H])C1=NN([H])C2=C1C([H])=C(C([H])=C2[H])C1=C([H])C([H])=C(N([H])S(=O)(=O)C([H])([H])[H])C([H])=C1[H],4
CHEMBL1983309,-7.73046,3162.28,[H]N(C(=O)C1=C(OC([H])([H])[H])C([H])=C(OC([H])([H])[H])C([H])=C1[H])C1=NC2=C([H])C([H])=C(Cl)C([H])=C2S1,4
CHEMBL2005886,-9.56217,3162.28,[H]O[C@]([H])(C1=C([H])C(Cl)=C([H])C([H])=C1[H])C([H])([H])N([H])C1=C(C2=NC3=C(C([H])=C(C([H])=C3N2[H])N2C([H])([H])C([H])([H])OC([H])([H])C2([H])[H])C([H])([H])[H])C(=O)N([H])C([H])=C1[H],4
CHEMBL2001288,-7.30961,3162.28,[H]OC([H])([H])[C@]1([H])O[C@@]([H])(N2N=C(I)C3=C(N=C([H])N=C23)N([H])[H])[C@]([H])(O[H])[C@@]1([H])O[H],4
CHEMBL1974457,-7.7662,3162.28,[H]OC(=O)C1=C([H])C2=C(C([H])=NC([H])=C2S1)C1=C([H])C(F)=C([H])C([H])=C1[H],1
CHEMBL1988662,-7.48816,3162.28,[H]N([H])C1=NN([H])C2=C([H])C(=C([H])C(OC([H])([H])C([H])([H])C([H])([H])N(C([H])([H])[H])C([H])([H])[H])=C12)C1=C([H])C([H])=NC([H])=C1[H],4
CHEMBL2001239,-9.25052,3162.28,[H]OC1=C(C([H])=C(N([H])C2=NC([H])=NC(=N2)N([H])[H])C([H])=C1C([H])([H])N([H])C(=O)C(F)(F)F)C1=C([H])C([H])=C(Cl)C([H])=C1[H],0
CHEMBL474432,-9.28152,3162.28,[H]OC(=O)C1=C(OC([H])([H])C2=C(C([H])=C([H])C([H])=C2[H])C(F)(F)F)C([H])=C(S1)N1C([H])=NC2=C([H])C(OC([H])([H])[H])=C(OC([H])([H])[H])C([H])=C12,1
CHEMBL2006156,-8.85945,3162.28,[H]N(C(=O)N(C([H])(C([H])([H])[H])C([H])([H])[H])C([H])(C([H])([H])[H])C([H])([H])[H])C1=C([H])C2=NC(C3=C([H])C([H])=C([H])O3)=C(N=C2C([H])=C1[H])C1=C([H])C([H])=C([H])O1,1
CHEMBL1974288,-8.51749,3162.28,[H]OC([H])([H])[C@]([H])(N([H])C(=O)C1=C([H])C([H])=C(C([H])=C1[H])C1=C([H])C([H])=NC([H])=C1[H])C1=C([H])C([H])=C([H])C([H])=C1[H],0
CHEMBL2006010,-8.80258,3162.28,[H]N(C(=O)N([H])C1=C2C([H])=C([H])C(Cl)=C(Cl)C2=NC([H])=C1[H])C1=C([H])C([H])=C([H])C(=N1)C(F)(F)F,4
CHEMBL1967302,-11.01224,3162.28,[H]N([H])[C@@]([H])(C([H])([H])OC1=C([H])C(=C([H])N=C1[H])C1=C([H])C2=C(N([H])C(=O)C2([H])[H])C([H])=C1[H])C([H])([H])C1=C([H])N([H])C2=C([H])C([H])=C([H])C([H])=C12,2
CHEMBL1985311,-11.54603,3162.28,[H]OC([H])([H])C1=C([H])C(N([H])C(=O)N([H])C2=C([H])C([H])=C(C([H])=C2[H])C2=C3C(=NN([H])C3=C([H])C([H])=C2[H])N([H])[H])=C(F)C([H])=C1[H],4
CHEMBL1985092,-9.97483,3162.28,[H]OC1=C([H])C([H])=C(C([H])=C1[H])C1=NN([H])C(N([H])C2=C([H])C(Cl)=C([H])C([H])=C2[H])=C1C1=C([H])C([H])=C(O[H])C([H])=C1[H],0
CHEMBL2002322,-9.55223,3162.28,[H]N([H])C(=O)C1=C([H])C2=C(C([H])=NC([H])=C2S1)C1=C([H])C(=C([H])C(=C1[H])C(F)(F)F)C(F)(F)F,4
CHEMBL1982982,-8.21758,3162.28,[H]N([H])C(=O)C1=C(N([H])C([H])([H])C2=C([H])C(F)=C([H])C([H])=C2[H])C([H])=C(C([H])=C1[H])C1=C([H])C([H])=NC([H])=C1[H],0
CHEMBL5193468,-9.32978,3630.0,[H]N(C(=O)C(\C#N)=C(/[H])C1=C([H])C([H])=C(Br)C([H])=C1[H])C1=C([H])C([H])=C([H])C(=C1[H])C1=NN(C2=C1C(=O)N([H])C([H])=N2)C(C([H])([H])[H])(C([H])([H])[H])C([H])([H])[H],2
CHEMBL1083484,-8.99821,3967.0,[H]N(C1=NC([H])=C([H])C(=N1)C1=C(N=C(S1)C([H])([H])[H])C([H])([H])[H])C1=C([H])C([H])=C(C([H])=C1[H])N1C([H])([H])C([H])([H])N(C([H])([H])C1([H])[H])S(=O)(=O)C([H])([H])[H],2
CHEMBL362296,-9.08488,3980.0,[H]N(C1=NC([H])=C([H])C(=N1)C1=C2C([H])=C([H])C([H])=NN2N=C1C1([H])C([H])([H])C1([H])[H])C1=C([H])C([H])=C([H])C([H])=C1[H],3
CHEMBL360408,-9.27456,3980.0,[H]N(C1=NC(=C([H])C([H])=N1)C1=C2C([H])=C([H])C([H])=NN2N=C1C1=C([H])C([H])=C([H])C([H])=C1[H])C1=C([H])C([H])=C([H])C([H])=C1[H],0
CHEMBL1999428,-9.70247,3981.07,[H]N(C(=O)C1=C([H])C([H])=C(C([H])=C1[H])C1=C([H])C([H])=NC([H])=C1[H])[C@@]([H])(C1=C([H])C([H])=C([H])C([H])=C1[H])C([H])([H])[H],1
CHEMBL1996979,-9.57938,3981.07,[H]N(C(=O)C1=C(F)C([H])=C([H])C([H])=C1F)C1=C([H])C2=C(N=C1[H])N([H])C([H])=C2C1=C([H])C([H])=C([H])C([H])=C1[H],3
CHEMBL1964687,-11.14196,3981.07,[H]N([H])C1=C2C(SC3=C2C2=C(C([H])=C(N([H])C(=O)N([H])C4=C([H])C(=C([H])C(=C4[H])C([H])([H])[H])C([H])([H])[H])C([H])=C2[H])C([H])([H])C3([H])[H])=NC([H])=N1,3
CHEMBL1969049,-9.85629,3981.07,[H]N(C(=O)C1=C([H])C(=C(C([H])=C1[H])C1=C([H])C([H])=NC([H])=C1[H])C([H])([H])[H])[C@@]([H])(C1=C([H])C([H])=C([H])C(OC([H])([H])[H])=C1[H])C([H])([H])[H],4
CHEMBL1991640,-8.78788,3981.07,[H]N(C1=C(F)C([H])=C2C(=O)C3=C(SN([H])C3=O)N(C2=C1F)C1([H])C([H])([H])C1([H])[H])C([H])([H])C1=C([H])C([H])=C([H])C([H])=C1[H],0
CHEMBL1972840,-10.15876,3981.07,[H]N([H])[C@@]([H])(C([H])([H])OC1=C([H])C(=C([H])N=C1[H])C1=C([H])C2=C([H])N=C([H])C([H])=C2S1)C([H])([H])C1=C([H])N([H])C2=C([H])C([H])=C([H])C([H])=C12,1
CHEMBL1983945,-9.92534,3981.07,[H]N([H])[C@@]([H])(C(=O)N([H])C1=C([H])C(\C([H])=C(/[H])C2=C([H])C([H])=NC([H])=C2[H])=C([H])N=C1[H])C([H])([H])C1=C([H])N([H])C2=C([H])C([H])=C([H])C([H])=C12,1
CHEMBL2004692,-9.16068,3981.07,[H]N([H])C1=NON=C1N1N=NC(C(=O)N([H])\N=C(/[H])C2=C([H])C([H])=C([H])S2)=C1C1=C([H])C([H])=C([H])C([H])=C1[H],0
CHEMBL1984363,-9.95999,3981.07,[H]N([H])C1=NN([H])C2=C([H])C([H])=C([H])C(=C12)C1=C([H])C([H])=C(C([H])=C1[H])C([H])([H])C(=O)N([H])C1=C([H])C(=C(F)C([H])=C1[H])C([H])([H])[H],4
CHEMBL280074,-7.28227,3981.07,[H]OC([H])([H])C([H])([H])N([H])C1=NC(N([H])C([H])([H])C2=C([H])C([H])=C([H])C([H])=C2[H])=C2N=C([H])N(C2=N1)C([H])([H])[H],3
CHEMBL1997597,-8.12774,3981.07,[H]N([H])C1=NN([H])C2=C1C([H])=C(C([H])=C2[H])C1=C([H])C([H])=C(N([H])S(=O)(=O)C([H])([H])C([H])([H])[H])C([H])=C1[H],4
CHEMBL2002446,-9.80922,3981.07,[H]N1N=C(C2=C([H])SC(C#CC([H])([H])OC([H])([H])C3([H])C([H])([H])C3([H])[H])=C2[H])C2=C1C1=C(C([H])=C(C([H])=C1[H])C([H])([H])N1C([H])([H])C([H])([H])N(C([H])([H])[H])C([H])([H])C1([H])[H])C2([H])[H],2
CHEMBL1990346,-7.50292,3981.07,[H]N([H])C1=NN([H])C2=C([H])C([H])=C([H])C(=C12)C1=C([H])C([H])=C(Br)C([H])=C1[H],0
CHEMBL1996780,-8.16795,3981.07,[H]OC1=C([H])C(=C(C([H])=C1[H])N1C([H])=C(C(=O)OC([H])([H])C([H])([H])[H])C(=O)C2=C([H])C([H])=C(C([H])=C12)C1=C([H])C([H])=NC([H])=C1[H])C([H])([H])[H],3
CHEMBL1984038,-9.50781,3981.07,[H]N(C1=C(C([H])=C([H])C([H])=C1[H])C1=C([H])C2=C(C([H])=C1[H])C(=O)N([H])C1=C(N2[H])C([H])=C([H])C(=C1[H])C1=C([H])C(OC([H])([H])[H])=C(OC([H])([H])[H])C(OC([H])([H])[H])=C1[H])S(=O)(=O)C([H])([H])[H],0
CHEMBL47690,-8.09681,4100.0,[H]N(C1=NC([H])=C([H])C(=N1)C1=C(N=C(S1)C([H])([H])[H])C([H])([H])[H])C1=C([H])C([H])=C(C([H])=C1[H])[N+]([O-])=O,4
CHEMBL5207710,-9.3,4840.0,[H]N(C1=NN([H])C2=C1C(=O)N([H])C([H])=N2)C1=C([H])C([H])=C(C([H])=C1[H])S(=O)(=O)N([H])C1=NOC(=C1[H])C([H])([H])[H],0
CHEMBL189617,-8.92894,5000.0,[H]N(C1=NC([H])=C([H])C(=N1)C1=C2C([H])=C([H])C(=NN2N=C1C1=C([H])C(=C([H])C([H])=C1[H])C(F)(F)F)C([H])([H])[H])C1=C([H])C2=C(OC([H])([H])C([H])([H])O2)C([H])=C1[H],1
CHEMBL578061,-7.87158,5011.87,[H]N(C1=NC([H])=C([H])C(=N1)N([H])C1=C([H])C([H])=C([H])C([H])=C1[H])C1=C([H])C([H])=C([H])C([H])=C1[H],2
CHEMBL1984432,-10.48272,5011.87,[H]N1N=C([H])C2=C1C([H])=C([H])C(=C2[H])C1=C([H])N(N=N1)C([H])([H])C1=C(C([H])=C(C([H])=C1[H])C([H])([H])[H])C([H])([H])[H],0
CHEMBL260933,-9.13282,5011.87,[H]N1C(=NC2=C1C(=O)N(C(=O)N2C([H])([H])C([H])([H])[H])C([H])([H])C([H])([H])C([H])([H])[H])C1=C([H])N(N=C1[H])C([H])([H])C1=C([H])C(=C([H])C([H])=C1[H])C(F)(F)F,0
CHEMBL583144,-6.84643,5011.87,[H]N1C([H])=NC2=C(SC3=C(Cl)C([H])=C([H])C(Cl)=C23)C1=O,2
CHEMBL259850,-7.24507,5011.87,[H]N(C(=O)N([H])C([H])([H])C1=C([H])C([H])=C(OC([H])([H])[H])C([H])=C1[H])C1=NC([H])=C(S1)[N+]([O-])=O,2
CHEMBL2004771,-10.17637,5011.87,[H]N(C1=NC2=C([H])C([H])=C([H])C([H])=C2O1)C1=C([H])C([H])=C(C([H])=C1[H])C1=C2C(=C([H])C([H])=C1[H])C(=O)N([H])C2([H])[H],0
CHEMBL1977681,-7.55174,5011.87,[H]N(C(=O)C1=C([H])C2=C(S1)N([H])N=C2C1=C(F)C([H])=C([H])C([H])=C1[H])C([H])([H])[H],0
CHEMBL1974803,-8.25019,5011.87,[H]OC1=C(C([H])=C(Cl)C([H])=C1[H])C1=C(O[H])C(=O)N([H])C2=C([H])C(Cl)=C([H])C(Cl)=C12,0
CHEMBL462120,-7.68219,5011.87,[H]N([H])C1=C(C2=C([H])C([H])=C([H])C([H])=C2[H])C2=C([H])C(Cl)=C([H])C([H])=C2N([H])C1=O,1
CHEMBL2005528,-7.66619,5011.87,[H]N1C2=C(C([H])=C(C([H])=C2[H])C(=O)OC([H])([H])C([H])([H])[H])C2=C1C(=O)N([H])C([H])([H])C2([H])[H],0
CHEMBL1976093,-8.04021,5011.87,[H]N(C1=NC(=C([H])C([H])=N1)C1=C(N=C2C([H])=NC([H])=C([H])N12)C1=C([H])C([H])=C(F)C([H])=C1[H])C([H])([H])C(C([H])([H])[H])(C([H])([H])[H])C([H])([H])N(C([H])([H])[H])C([H])([H])[H],3
CHEMBL2006263,-8.19394,5011.87,[H]N([H])C1=C([H])C([H])=C(C([H])=C1[H])S(=O)(=O)N([H])C1=C([H])C2=NC(=C(N=C2C([H])=C1[H])C([H])([H])[H])C([H])([H])[H],3
CHEMBL2000568,-8.47638,5011.87,[H]N1C([H])=C([H])C2=C1N=C([H])C(=C2[H])C1=C([H])C([H])=C([H])C(=C1[H])C(=O)C([H])([H])[H],3
CHEMBL1980715,-8.00589,5011.87,[H]N=C(N([H])[H])N([H])C1=C([H])C(N([H])C(=N[H])N([H])[H])=C(OC([H])([H])C([H])([H])C([H])([H])C([H])([H])C([H])([H])C([H])([H])C([H])([H])C([H])([H])C([H])([H])C([H])([H])C([H])([H])C([H])([H])[H])C([H])=C1[H],2
CHEMBL2004365,-4.40136,5011.87,[H]N([H])C(=O)C1=C2S\C(=C(\[H])C3=C([H])C([H])=C([H])S3)C(=O)N2C(N([H])[H])=C(C(=O)OC([H])([H])C([H])([H])[H])[C@]1([H])C1=C([H])C([H])=C([H])S1,0
CHEMBL1991725,-9.42119,5011.87,[H]N(C(=O)C([H])([H])N(C([H])([H])[H])C([H])([H])[H])[C@@]([H])(C([H])([H])OC1=C([H])C(=C([H])N=C1[H])C1=C([H])C2=C([H])C([H])=NC([H])=C2C([H])=C1[H])C([H])([H])C1=C([H])N([H])C2=C([H])C([H])=C([H])C([H])=C12,0
CHEMBL1985566,-9.80778,5011.87,[H]N1C2=C(N([H])C(=O)C3=C1C([H])=C(C([H])=C3[H])C1=C([H])C(OC([H])([H])[H])=C(C([H])=C1[H])C([H])([H])C#N)C([H])=C(C([H])=C2[H])C([H])([H])C([H])([H])OC1=C([H])C([H])=C(C([H])=C1[H])N1C([H])([H])C([H])([H])OC([H])([H])C1([H])[H],4
CHEMBL1982880,-8.78301,5011.87,[H]N(C1=NN2C(=NN=C2C2=C([H])C([H])=C([H])C([H])=C2[H])C([H])=C1[H])C1=C(OC([H])([H])[H])C([H])=C([H])C(OC([H])([H])[H])=C1[H],4
CHEMBL383875,-8.97177,5141.0,[H]N([H])C1=C(C([H])=NC(=N1)N([H])C1=C([H])C([H])=C(C([H])=C1[H])N1C([H])([H])C([H])([H])N(C([H])([H])[H])C([H])([H])C1([H])[H])C(=O)C1=C(OC([H])([H])[H])C([H])=C([H])C([H])=C1[H],4
CHEMBL5181593,-9.33708,5590.0,[H]N(C(=O)C(\C#N)=C(/[H])C1=C([H])C(=C([H])C([H])=C1[H])C(F)(F)F)C1=C([H])C([H])=C([H])C(=C1[H])C1=NN(C2=C1C(=O)N([H])C([H])=N2)C(C([H])([H])[H])(C([H])([H])[H])C([H])([H])[H],4
CHEMBL5172686,-9.29613,6250.0,[H]N(C(=O)C(\C#N)=C(/[H])\C(\[H])=C(/[H])C1=C([H])C([H])=C([H])C([H])=C1[H])C1=C([H])C([H])=C([H])C(=C1[H])C1=NN(C2=C1C(=O)N([H])C([H])=N2)C(C([H])([H])[H])(C([H])([H])[H])C([H])([H])[H],4
CHEMBL387448,-8.91916,6266.0,[H]N([H])C1=C(C([H])=NC(=N1)N([H])C1([H])C([H])([H])C([H])([H])N([H])C([H])([H])C1([H])[H])C(=O)C1=C(OC([H])([H])[H])C([H])=C([H])C([H])=C1[H],0
CHEMBL1562756,-7.38847,6309.57,[H]OC1=C2SC3=C(N=C2C([H])([H])C(C([H])([H])[H])(C([H])([H])[H])C1([H])[H])C([H])=C(Cl)C([H])=C3[H],2
CHEMBL1975937,-9.46492,6309.57,[H]N(C1=C(C([H])=C([H])C([H])=C1[H])C1=C([H])C2=C(C([H])=C1[H])C(=O)N([H])C1=C(N2[H])C([H])=C([H])C([H])=C1[H])S(=O)(=O)C([H])([H])[H],0
CHEMBL1682545,-8.91703,6309.57,[H]N(C1=NC(=C([H])S1)C1=C([H])C2=C(N([H])N=C2[H])C([H])=C1[H])C1=C([H])C([H])=C([H])C([H])=C1[H],3
CHEMBL1994074,-7.3289,6309.57,[H]N1N=C(C2=C1C([H])=C([H])C(Br)=C2[H])C1=C([H])C([H])=C([H])C([H])=C1[H],1
CHEMBL1975233,-7.5365,6309.57,[H]N(C(=O)N([H])C1=C(OC([H])([H])[H])C([H])=C(C(Cl)=C1[H])C([H])([H])[H])C1=NC([H])=C(N=C1[H])C#N,3
CHEMBL219722,-10.31877,6309.57,[H]N([H])C1=NN([H])C2=C([H])C([H])=C([H])C(=C12)C1=C([H])C([H])=C(N([H])C(=O)N([H])C2=C([H])C([H])=C([H])C([H])=C2[H])C([H])=C1[H],2
CHEMBL1977041,-9.30594,6309.57,[H]N([H])C1=NC([H])=NN2C1=C(C(C(=O)OC([H])([H])[H])=C2C([H])([H])[H])C1=C([H])C([H])=C(N([H])C(=O)N([H])C2=C([H])C([H])=C([H])C([H])=C2[H])C([H])=C1[H],2
CHEMBL1990212,-8.78444,6309.57,[H]N(C1=NN2C(=NN=C2C2=C([H])C([H])=C([H])C([H])=C2[H])C([H])=C1[H])C1=C([H])C(Cl)=C(OC([H])([H])[H])C([H])=C1OC([H])([H])[H],4
CHEMBL1974702,-6.46713,6309.57,[H]C1=C([H])C(Br)=C2SC3=C(N=C(OC3=O)C([H])([H])[H])C2=C1Cl,4
CHEMBL2007044,-8.46171,6309.57,[H]N1N=C(C2=C1C1=C(C([H])=C([H])C(C#CC([H])([H])N(C([H])([H])C([H])([H])[H])C([H])([H])C([H])([H])[H])=C1[H])C2([H])[H])C1=C([H])N=C(C#N)C([H])=C1[H],0
CHEMBL398951,-9.09848,6309.57,[H]N1N=C(C2=C1C1=C(C([H])=C([H])C(OC([H])([H])C([H])([H])C([H])([H])C([H])([H])N3C([H])([H])C([H])([H])OC([H])([H])C3([H])[H])=C1[H])C2([H])[H])C1=C([H])N=C(C#N)C([H])=C1[H],4
CHEMBL1998193,-8.68354,6309.57,[H]N(C(=O)N([H])C([H])([H])C([H])([H])C([H])([H])C([H])([H])C([H])([H])C([H])([H])N([H])C(=O)N([H])C1=C([H])N=C([H])C([H])=C1[H])C1=C([H])N=C([H])C([H])=C1[H],4
CHEMBL365617,-8.71387,6309.57,[H]OC1=C([H])C(O[H])=C(C([H])=C1Cl)C1=C(C(=NN1[H])C(=O)N([H])C([H])([H])C([H])([H])[H])C1=C([H])C([H])=C(OC([H])([H])[H])C([H])=C1[H],4
CHEMBL1825138,-9.855,6309.57,[H]N([H])C1=C(O[C@@]([H])(C2=C(Cl)C(F)=C([H])C([H])=C2Cl)C([H])([H])[H])C([H])=C(C([H])=N1)C1=C([H])N(N=C1[H])C1([H])C([H])([H])C([H])([H])N([H])C([H])([H])C1([H])[H],4
CHEMBL2006188,-8.11554,6309.57,[H]N([H])C([H])([H])C([H])([H])C([H])([H])N([H])C1=C(C([H])=C([H])C(=C1[H])C1=C([H])C([H])=NC([H])=C1[H])C(=O)N([H])[C@@]([H])(C1=C([H])C([H])=C([H])C(OC([H])([H])[H])=C1[H])C([H])([H])[H],1
CHEMBL1682546,-9.74331,6309.57,[H]N(C1=NC(=C([H])S1)C1=C([H])C2=C(N([H])N=C2[H])C([H])=C1[H])C([H])([H])C1=C([H])C([H])=C([H])C([H])=C1[H],1
CHEMBL2005828,-11.04043,7943.28,[H]N([H])C1=C2C(OC([H])=C2C2=C([H])C([H])=C(N([H])C(=O)N([H])C3=C([H])C([H])=C(C([H])=C3[H])C([H])([H])[H])C([H])=C2[H])=NC([H])=N1,0
CHEMBL2003456,-7.24711,7943.28,[H]N1C(=O)N([H])C2=C([H])C(=C([H])N=C12)C1=C([H])C([H])=C([H])C([H])=C1[H],2
CHEMBL1419458,-9.53028,7943.28,[H]N([H])C1=NON=C1N1N=NC(C(=O)N([H])\N=C(/[H])C2=C([H])C([H])=NC([H])=C2[H])=C1C1=C([H])C([H])=C([H])C([H])=C1[H],0
CHEMBL1968406,-11.90715,7943.28,[H]N([H])C1=C2C(SC3=C2C2=C(C([H])=C(N([H])C(=O)N([H])C4=C([H])C([H])=C([H])C(=C4[H])C([H])([H])C([H])([H])[H])C([H])=C2[H])C([H])([H])C3([H])[H])=NC([H])=N1,2
CHEMBL1980371,-9.05411,7943.28,[H]N([H])[C@@]1([H])C([H])([H])C([H])([H])[C@]([H])(N([H])C2=NC3=C([H])C([H])=NN3C(N([H])C3=C([H])C(Cl)=C(F)C([H])=C3[H])=C2C([H])([H])[H])C([H])([H])C1([H])[H],4
CHEMBL2002470,-8.52508,7943.28,[H]N1C2=C(C3=C(S2)C([H])([H])C([H])([H])C([H])([H])C3([H])[H])C(=NC([H])([H])C1=O)C1=C([H])C([H])=C([H])C(Cl)=C1[H],0
CHEMBL1985074,-7.24081,7943.28,[H]N1C(=O)C2=C(C(Cl)=C3C([H])=C(SC([H])([H])[H])C([H])=C([H])C3=N2)C([H])([H])C1([H])[H],3
CHEMBL1996390,-7.53557,7943.28,[H]OC(=O)C1=C([H])C2=C(C([H])=NC([H])=C2S1)C1=C([H])C([H])=C([H])C([H])=C1[H],2
CHEMBL1986781,-9.87985,7943.28,[H]N(C1=NC(=C([H])C([H])=N1)C1=C(N=C2OC([H])=C([H])N12)C1=C([H])C([H])=C(F)C([H])=C1[H])C1([H])C([H])([H])C([H])([H])N(C(=O)C([H])([H])[H])C([H])([H])C1([H])[H],2
CHEMBL504950,-7.58531,7943.28,[H]N([H])C1=C2SC3=C(C2=NC([H])=N1)C(=C([H])C(=N3)C([H])([H])[H])C([H])([H])[H],4
CHEMBL2000335,-11.25237,7943.28,[H]N([H])C1=C2C(SC([H])=C2C2=C([H])C([H])=C(N([H])C(=O)N([H])C3=C([H])C(=C(C([H])=C3[H])C([H])([H])[H])C([H])([H])[H])C([H])=C2[H])=NC([H])=N1,0
CHEMBL1986597,-10.20242,7943.28,[H]N([H])C(=O)C1=C2N=C(N([H])C2=C([H])C([H])=C1[H])C1=C([H])C([H])=C(N([H])C(=O)C2=C([H])C(=C([H])C([H])=C2[H])S(=O)(=O)N2C([H])([H])C([H])([H])OC([H])([H])C2([H])[H])C([H])=C1[H],0
CHEMBL1994526,-8.12332,7943.28,[H]N([H])[C@]([H])(C([H])([H])[H])[C@@]1([H])C([H])([H])C([H])([H])[C@]([H])(C(=O)N([H])C2=C([H])C([H])=NC([H])=C2[H])C([H])([H])C1([H])[H],2
CHEMBL1971245,-10.27347,7943.28,[H]N([H])C(=O)C1=C(N2C([H])=C([H])C([H])=C([H])C2=N1)C1=C([H])C([H])=NC(=N1)N([H])C1=C([H])C([H])=C([H])C(=C1[H])N1C([H])([H])C([H])([H])N(C([H])([H])[H])C([H])([H])C1([H])[H],3
CHEMBL2004290,-7.61275,7943.28,[H]OC(C([H])([H])[H])(C([H])([H])[H])C([H])([H])N1N=C([H])C(=C1[H])C1=C2SC([H])=C(C2=C(N=C1[H])N([H])[H])C1=C([H])C([H])=C(N([H])C(=O)N([H])C2=C([H])C([H])=C(OC([H])([H])[H])C([H])=C2[H])C([H])=C1[H],1
CHEMBL1987009,-9.37205,7943.28,[H]N(C(=O)C1=C([H])C2=C(S1)N([H])N=C2C1=C([H])C([H])=C([H])C([H])=C1[H])C([H])([H])C1=C([H])C([H])=C([H])C(OC([H])([H])[H])=C1[H],1
CHEMBL1982476,-7.67449,7943.28,[H]N([H])C1=C2C(SC([H])=C2C2=C([H])C([H])=C(N([H])C(=O)N([H])C3=C([H])C(Cl)=C([H])C([H])=C3[H])C([H])=C2[H])=C(C([H])=N1)C(=O)N([H])C([H])([H])[H],3
CHEMBL1516890,-8.98372,7943.28,[H]N1C(=O)\C(=C(\[H])C2=C([H])N(C3=C([H])C([H])=C([H])C([H])=C23)C([H])([H])[H])C2=C1C([H])=C([H])C([H])=N2,2
CHEMBL1999774,-7.53989,7943.28,[H]OC(=O)C1=C([H])N([H])C2=NC(N3C([H])([H])C([H])([H])[C@]([H])(C([H])([H])N([H])[H])C3([H])[H])=C(Cl)C(=C2C1=O)C([H])([H])[H],3
CHEMBL1988437,-9.48523,7943.28,[H]N(C(=O)C1=C(SC2=C([H])C3=C(C([H])=C2[H])C(=NN3[H])C(\[H])=C(/[H])C2=NC([H])=C([H])C([H])=C2[H])C([H])=C([H])C([H])=C1[H])C([H])([H])[H],3
CHEMBL1989805,-4.71105,7943.28,[H]N([H])C(=O)C1=C2S\C(=C(\[H])C3=C([H])C([H])=C([H])O3)C(=O)N2C(N([H])[H])=C(C#N)[C@@]1([H])C1=C([H])C([H])=C([H])O1,2
CHEMBL1967544,-10.05552,7943.28,[H]N([H])C([H])([H])C([H])([H])N(C1=C([H])C(=C([H])N=C1[H])C1=C([H])C2=C([H])C([H])=NC([H])=C2C([H])=C1[H])S(=O)(=O)C1=C([H])C([H])=C([H])C2=C(C([H])=C([H])C([H])=C12)N(C([H])([H])[H])C([H])([H])[H],0
CHEMBL1970074,-10.18924,7943.28,[H]N(C(=O)N([H])C1=C([H])C(=C([H])C([H])=C1[H])C(F)(F)F)C1=C([H])C([H])=C(C([H])=C1[H])C1=C2C(N([H])N=C2C([H])([H])[H])=C([H])C([H])=C1[H],3
CHEMBL5194758,-9.40269,9700.0,[H]N(C(=O)C(\C#N)=C(/[H])C1=C([H])C([H])=C(OC([H])([H])[H])C([H])=C1[H])C1=C([H])C(=C([H])C([H])=C1[H])C1=NN(C2=C1C(=O)N([H])C([H])=N2)C(C([H])([H])[H])(C([H])([H])[H])C([H])([H])[H],2
CHEMBL3099759,-9.12314,10000.0,[H]OC(=O)C1=C([H])C(=NC2=C([H])C([H])=C(C([H])=C12)C1=C([H])C([H])=C([H])C([H])=C1[H])C(=O)N([H])[C@]([H])(C(=O)OC([H])([H])[H])C([H])([H])C1=C([H])C([H])=C(O[H])C([H])=C1[H],1
CHEMBL5174745,-8.83185,11580.0,[H]N(C(=O)C(\C#N)=C(/[H])C([H])([H])C([H])([H])C([H])([H])C([H])([H])[H])C1=C([H])C(=C([H])C([H])=C1[H])C1=NN(C2=C1C(=O)N([H])C([H])=N2)C(C([H])([H])[H])(C([H])([H])[H])C([H])([H])[H],2
CHEMBL3099747,-9.54085,12000.0,[H]OC(=O)C1=C([H])C(=NC2=C([H])C([H])=C(C([H])=C12)C1=C([H])C(=C([H])C([H])=C1[H])C(F)(F)F)C(=O)N([H])[C@]([H])(C(=O)O[H])C([H])([H])C1=C([H])C([H])=C(O[H])C([H])=C1[H],2
CHEMBL5181880,-9.33271,12250.0,[H]N(C(=O)C(\C#N)=C(/[H])C1=C(C([H])=C([H])C([H])=C1[H])[N+]([O-])=O)C1=C([H])C([H])=C([H])C(=C1[H])C1=NN(C2=C1C(=O)N([H])C([H])=N2)C(C([H])([H])[H])(C([H])([H])[H])C([H])([H])[H],3
CHEMBL1992644,-7.46981,12589.25,[H]N1N=C(C(=C1[H])C1=C([H])C([H])=NC([H])=C1[H])C1=C([H])C([H])=C([H])C([H])=C1[H],1
CHEMBL5190528,-8.98107,14660.0,[H]N(C(=O)C(\C#N)=C(/[H])C1=C([H])C(Br)=C([H])C([H])=C1[H])C1=C([H])C([H])=C([H])C(=C1[H])C1=NN(C2=C1C(=O)N([H])C([H])=N2)C(C([H])([H])[H])(C([H])([H])[H])C([H])([H])[H],0
CHEMBL360866,-8.39745,19900.0,[H]C1=NN2N=C([H])C([H])=C([H])C2=C1C1=C([H])C([H])=NC(=N1)N(C1=C([H])C([H])=C([H])C([H])=C1[H])C([H])([H])[H],3
CHEMBL1487428,-6.86271,19952.62,[H]N(C(=O)N([H])C1=C([H])C([H])=C([H])C([H])=C1[H])C1=NC([H])=C([H])S1,4
CHEMBL1989069,-6.79334,19952.62,[H]N1N=C2C(=C1[H])C([H])([H])SC1=C2C([H])=C(F)C([H])=C1[H],3
